-- phpMyAdmin SQL Dump
-- version 4.9.0.1-mh5
-- https://www.phpmyadmin.net/
--
-- Хост: u543420.mysql.masterhost.ru
-- Время создания: Май 17 2025 г., 17:06
-- Версия сервера: 5.7.30-log
-- Версия PHP: 7.0.33-0+deb9u12

SET SQL_MODE = "NO_AUTO_VALUE_ON_ZERO";
SET AUTOCOMMIT = 0;
START TRANSACTION;
SET time_zone = "+00:00";


/*!40101 SET @OLD_CHARACTER_SET_CLIENT=@@CHARACTER_SET_CLIENT */;
/*!40101 SET @OLD_CHARACTER_SET_RESULTS=@@CHARACTER_SET_RESULTS */;
/*!40101 SET @OLD_COLLATION_CONNECTION=@@COLLATION_CONNECTION */;
/*!40101 SET NAMES utf8mb4 */;

--
-- База данных: `u543420`
--

-- --------------------------------------------------------

--
-- Структура таблицы `balance_income_expenses`
--

CREATE TABLE `balance_income_expenses` (
  `id` int(11) NOT NULL,
  `sign_of_calculation` varchar(100) NOT NULL COMMENT 'признак расчёта',
  `payment_method` varchar(100) NOT NULL DEFAULT 'non-cash' COMMENT 'метод оплаты',
  `summa` int(11) NOT NULL COMMENT 'сумма платежа',
  `type_payment` varchar(200) NOT NULL,
  `purpose_payment` varchar(200) NOT NULL,
  `comment` varchar(200) NOT NULL,
  `confirm` int(11) NOT NULL DEFAULT '0',
  `date_operations` date NOT NULL COMMENT 'дата операции',
  `date_add` datetime NOT NULL DEFAULT CURRENT_TIMESTAMP COMMENT 'Дата заполнения',
  `history` int(11) NOT NULL COMMENT 'Прошлые записи',
  `is_deleted` int(11) NOT NULL DEFAULT '0' COMMENT 'Признак удаления'
) ENGINE=InnoDB DEFAULT CHARSET=utf8 COMMENT='Приход расход';

--
-- Дамп данных таблицы `balance_income_expenses`
--

INSERT INTO `balance_income_expenses` (`id`, `sign_of_calculation`, `payment_method`, `summa`, `type_payment`, `purpose_payment`, `comment`, `confirm`, `date_operations`, `date_add`, `history`, `is_deleted`) VALUES
(1, 'income', 'cash', 0, '2', 'Моторные масла', '2 ROLF Krafton P7 10w40 20л', 0, '2024-11-12', '2025-02-19 10:12:48', 0, 0),
(2, 'income', 'cash', 0, '2', 'Моторные масла', '35 ROLF Krafton P7 10w40 208л', 0, '2024-08-21', '2025-02-19 10:12:48', 0, 0),
(3, 'income', 'cash', 0, '2', 'Тара', '7 Бутылка НЭТ 5л. б/ц', 0, '2024-08-21', '2025-02-19 10:12:48', 0, 0),
(4, 'income', 'cash', 1980, '2', 'Моторные масла', '6 ROLF Krafton P7 10w40 208л', 0, '2024-10-17', '2025-02-19 10:12:48', 0, 0),
(5, 'income', 'cash', 1980, '2', 'Моторные масла', '6 ROLF Krafton P7 10w40 208л', 0, '2024-10-21', '2025-02-19 10:12:48', 0, 0),
(6, 'income', 'cash', 4950, '2', 'Моторные масла', '15 ROLF Krafton P7 10w40 208л', 0, '2024-10-28', '2025-02-19 10:12:48', 0, 0),
(7, 'income', 'cash', 3960, '2', 'Моторные масла', '12 ROLF Krafton P7 10w40 208л', 0, '2024-11-01', '2025-02-19 10:12:48', 0, 0),
(8, 'income', 'cash', 6600, '2', 'Моторные масла', '20 ROLF Krafton P7 10w40 208л', 0, '2024-11-06', '2025-02-19 10:12:48', 0, 0),
(9, 'income', 'cash', 6600, '2', 'Моторные масла', '20 ROLF Krafton P7 10w40 208л', 0, '2024-12-12', '2025-02-19 10:12:48', 0, 0),
(10, 'income', 'cash', 1980, '2', 'Моторные масла', '6 ROLF Krafton P7 10w40 208л', 0, '2024-12-26', '2025-02-19 10:12:48', 0, 0),
(11, 'income', 'cash', 3960, '2', 'Моторные масла', '12 ROLF Krafton P7 10w40 208л', 0, '2025-01-05', '2025-02-19 10:12:48', 0, 0),
(12, 'income', 'cash', 2100, '2', 'Моторные масла', '6 ROLF Krafton P7 10w40 208л', 0, '2025-01-21', '2025-02-19 10:12:48', 0, 0),
(13, 'income', 'cash', 3500, '2', 'Моторные масла', '10 ROLF Krafton P7 10w40 208л', 0, '2025-01-28', '2025-02-19 10:12:48', 0, 0),
(14, 'income', 'cash', 7000, '2', 'Моторные масла', '20 ROLF Krafton P7 10w40 208л', 0, '2025-02-10', '2025-02-19 10:12:48', 0, 0),
(15, 'income', 'cash', 5250, '2', 'Моторные масла', '15 ROLF Krafton P7 10w40 208л', 0, '2025-02-11', '2025-02-19 10:12:48', 0, 0),
(16, 'income', 'cash', 3500, '2', 'Антифризы', '1 Sintec Luxe G12+ красный 20л', 0, '2024-11-06', '2025-02-19 10:12:48', 0, 0),
(17, 'income', 'cash', 900, '2', 'Антифризы', '5 Sintec Luxe G12+ красный 220л', 0, '2024-11-06', '2025-02-19 10:12:48', 0, 0),
(18, 'income', 'cash', 1800, '2', 'Антифризы', '10 Sintec Luxe G12+ красный 220л', 0, '2024-12-26', '2025-02-19 10:12:48', 0, 0),
(19, 'income', 'cash', 1800, '2', 'Антифризы', '10 Sintec Luxe G12+ красный 220л', 0, '2025-01-05', '2025-02-19 10:12:48', 0, 0),
(20, 'income', 'cash', 0, '2', 'Тара', '1 Бутылка НЭТ 5л. б/ц', 0, '2024-10-17', '2025-02-19 10:12:48', 0, 0),
(21, 'income', 'cash', 0, '2', 'Тара', '1 Бутылка НЭТ 5л. б/ц', 0, '2024-10-21', '2025-02-19 10:12:48', 0, 0),
(22, 'income', 'cash', 200, '2', 'Жидкость стеклоомывающая', '1 Незамерзайка ALPINA (-30)', 0, '2024-12-27', '2025-02-19 10:12:48', 0, 0),
(23, 'income', 'cash', 8000, '2', 'Моторные масла', '1 ROLF Krafton P7 10w40 20л', 0, '2024-11-20', '2025-02-19 10:12:48', 0, 0),
(24, 'income', 'cash', 19800, '2', 'Моторные масла', '60 ROLF Krafton P7 10w40 208л', 0, '2024-12-17', '2025-02-19 10:12:48', 0, 0),
(25, 'income', 'cash', 1800, '2', 'Моторные масла', '1 Масло моторное Rolf Energy 10W40 SL/CF (4л.) п/с', 0, '2025-01-15', '2025-02-19 10:12:48', 0, 0),
(26, 'income', 'cash', 1800, '2', 'Моторные масла', '1 Масло моторное Rolf Energy 10W40 SL/CF (4л.) п/с', 0, '2025-02-18', '2025-02-19 10:12:48', 0, 0),
(27, 'income', 'cash', 2750, '2', 'Моторные масла', '5 Масло дизельное TEBOIL SUPER XLD-2 5W30 (200л.) FIN', 0, '2025-01-15', '2025-02-19 10:12:48', 0, 0),
(28, 'income', 'cash', 1800, '2', 'Моторные масла', '1 Масло моторное синт. TEBOIL DIAMOND  5W30 (4 л.) FIN', 0, '2024-12-11', '2025-02-19 10:12:48', 0, 0),
(29, 'income', 'cash', 2350, '2', 'Трансмиссионные масла', '13 Девон Супер Т 80w90 GL-5 180кг', 0, '2024-12-10', '2025-02-19 10:12:48', 0, 0),
(30, 'income', 'cash', 1800, '2', 'Трансмиссионные масла', '1 Масло трансмиссионное Sintec Transmission75w90 GL-4 (4л.)', 0, '2025-02-18', '2025-02-19 10:12:48', 0, 0),
(31, 'income', 'cash', 540, '2', 'Антифризы', '3 Sintec Luxe G12+ красный 220л', 0, '2025-01-30', '2025-02-19 10:12:48', 0, 0),
(32, 'income', 'cash', 1800, '2', 'Антифризы', '10 Sintec Luxe G12+ красный 220л', 0, '2025-02-18', '2025-02-19 10:12:48', 0, 0),
(33, 'income', 'cash', 200, '2', 'Жидкость стеклоомывающая', '1 Незамерзайка ALPINA (-30)', 0, '2024-12-17', '2025-02-19 10:12:48', 0, 0),
(34, 'income', 'cash', 200, '2', 'Жидкость стеклоомывающая', '1 Незамерзайка ALPINA (-30)', 0, '2024-12-25', '2025-02-19 10:12:48', 0, 0),
(35, 'income', 'cash', 1000, '2', 'Жидкость стеклоомывающая', '5 Незамерзайка ALPINA (-30)', 0, '2025-01-06', '2025-02-19 10:12:48', 0, 0),
(36, 'income', 'cash', 200, '2', 'Жидкость стеклоомывающая', '1 Незамерзайка ALPINA (-30)', 0, '2025-01-15', '2025-02-19 10:12:48', 0, 0),
(37, 'income', 'cash', 600, '2', 'Жидкость стеклоомывающая', '3 Незамерзайка ALPINA (-30)', 0, '2025-01-23', '2025-02-19 10:12:48', 0, 0),
(38, 'income', 'cash', 200, '2', 'Жидкость стеклоомывающая', '1 Незамерзайка ALPINA (-30)', 0, '2025-02-02', '2025-02-19 10:12:48', 0, 0),
(39, 'income', 'cash', 200, '2', 'Жидкость стеклоомывающая', '1 Незамерзайка ALPINA (-30)', 0, '2025-02-07', '2025-02-19 10:12:48', 0, 0),
(40, 'income', 'cash', 200, '2', 'Жидкость стеклоомывающая', '1 Незамерзайка ALPINA (-30)', 0, '2025-02-13', '2025-02-19 10:12:48', 0, 0),
(41, 'income', 'cash', 800, '2', 'Жидкость стеклоомывающая', '4 Незамерзайка ALPINA (-30)', 0, '2025-02-18', '2025-02-19 10:12:48', 0, 0),
(42, 'income', 'cash', 0, '2', 'Моторные масла', '15 ROLF Krafton P7 10w40 208л', 0, '2024-09-09', '2025-02-19 10:12:48', 0, 0),
(43, 'income', 'cash', 0, '2', 'Моторные масла', '12 ROLF Krafton P7 10w40 208л', 0, '2024-09-05', '2025-02-19 10:12:48', 0, 0),
(44, 'income', 'cash', 0, '2', 'Трансмиссионные масла', '5 Девон Супер Т 75w90 GL-4 180кг', 0, '2024-08-22', '2025-02-19 10:12:48', 0, 0),
(45, 'income', 'cash', 0, '2', 'Тара', '3 Бутылка НЭТ 5л. б/ц', 0, '2024-09-09', '2025-02-19 10:12:48', 0, 0),
(46, 'income', 'cash', 0, '2', 'Тара', '3 Бутылка НЭТ 5л. б/ц', 0, '2024-09-05', '2025-02-19 10:12:48', 0, 0),
(47, 'income', 'cash', 0, '2', 'Тара', '1 Бутылка НЭТ 5л. б/ц', 0, '2024-08-22', '2025-02-19 10:12:48', 0, 0),
(64, 'income', 'cash', 7000, '2', 'Моторные масла', '1 ROLF Krafton P7 10w40 20л', 0, '2025-02-19', '2025-02-19 10:32:08', 0, 1),
(65, 'income', 'cash', 1800, '2', 'Моторные масла', '1 Масло моторное Rolf Energy 10W40 SL/CF (4л.) п/с', 0, '2024-12-11', '2025-02-19 10:32:08', 0, 0),
(67, 'income', 'cash', 17000, '2', 'Моторные масла', '1 ROLF Krafton P7 10w40 20л', 0, '2025-02-19', '2025-02-19 10:34:52', 0, 1),
(70, 'expenses', 'non-cash', 15000, '5', 'выдано з/п Диману', 'з/п Димана', 0, '2024-12-27', '2025-02-19 10:51:32', 0, 0),
(71, 'expenses', 'non-cash', 1500, '5', 'Выдано Малышеву', 'Выдано Малышеву С М.', 0, '2024-12-27', '2025-02-19 10:52:46', 0, 1),
(72, 'expenses', 'non-cash', 15000, '5', 'Выдано Малышеву', 'выдано Малышеву С.М.', 0, '2024-12-27', '2025-02-19 10:55:03', 0, 0),
(73, 'expenses', 'non-cash', 7000, '1', 'Перевозка зап. частей', 'Перевозка зап. частей', 0, '2024-12-06', '2025-02-19 10:57:50', 0, 0),
(74, 'expenses', 'non-cash', 1000, '1', 'Перевозка мраморн. щебенки', 'Перевозка мраморной щебенки', 0, '2024-12-20', '2025-02-19 11:00:21', 0, 0),
(75, 'expenses', 'non-cash', 5000, '1', 'Доставка зап. частей', 'Доставка зап. частей', 0, '2024-12-25', '2025-02-19 11:06:00', 0, 0),
(76, 'expenses', 'non-cash', 10000, '5', 'З/п Эдуарда', 'З/п Эдуарда', 0, '2025-01-31', '2025-02-19 11:09:16', 0, 0),
(77, 'expenses', 'non-cash', 9000, '5', 'З/п Эдуарда', 'З/п Эдуарда', 0, '2025-02-07', '2025-02-19 11:10:08', 0, 0),
(78, 'expenses', 'non-cash', 1000, '1', 'перевозка зап. частей', 'перевозка зап частей', 0, '2024-10-17', '2025-02-19 11:19:34', 0, 0),
(79, 'expenses', 'non-cash', 1980, '7', 'переведено на карту Владимира Владимировича', 'переведено на карту Владимира Владимировича', 0, '2024-10-21', '2025-02-19 11:21:35', 0, 0),
(80, 'expenses', 'non-cash', 7500, '7', 'Любовь Александровну с Днем Рождения', 'Любовь Александровну с Днем Рождения', 0, '2025-01-10', '2025-02-19 11:25:14', 0, 0),
(81, 'expenses', 'non-cash', 7000, '1', 'Перевозка зап. частей', 'перевозка зап частей', 0, '2025-01-24', '2025-02-19 11:39:24', 0, 0),
(82, 'expenses', 'non-cash', 5000, '1', 'Выгрузка незамерзайки', 'Выгрузка незамерзайки', 0, '2024-12-16', '2025-02-19 12:01:19', 0, 0),
(83, 'expenses', 'non-cash', 3704, '1', 'транспортная КИТ', 'транспортная КИТ', 0, '2025-01-20', '2025-02-19 12:15:13', 0, 0),
(84, 'expenses', 'non-cash', 3500, '1', 'Доставка запчастей', 'Доставка запчастей', 0, '2025-02-19', '2025-02-20 09:29:19', 0, 0),
(85, 'expenses', 'non-cash', 10000, '5', 'З/п Эдуарда', 'З/п Эдуарда', 0, '2025-02-21', '2025-02-21 15:47:28', 0, 0),
(86, 'expenses', 'non-cash', 3700, '2', 'Покупка шпилек ', 'для Авторемнта', 0, '2025-02-26', '2025-02-26 14:31:52', 0, 0),
(87, 'income', 'non-cash', 8800, '2', 'Оплата масла и антифриза ', 'Сергей Ремонт Газелей', 0, '2025-02-27', '2025-02-27 14:16:29', 0, 0),
(88, 'income', 'non-cash', 200, '2', 'Продажа незамерзайки', 'Купил у торожей', 0, '2025-02-27', '2025-02-27 15:51:30', 0, 0),
(89, 'income', 'non-cash', 200, '2', 'оплата товара', 'незамерзайка', 0, '2025-03-02', '2025-03-03 09:08:47', 0, 0),
(90, 'expenses', 'non-cash', 2400, '2', 'покупка сварочной проволоки', 'покупка сварочной проволоки', 0, '2025-03-11', '2025-03-11 15:21:46', 0, 0),
(91, 'expenses', 'non-cash', 4200, '2', 'заправка углекислотой и обмен баллонов ', 'деньги в залог', 0, '2025-03-11', '2025-03-11 15:24:11', 0, 0),
(92, 'income', 'non-cash', 4200, '2', 'возврат залога за углекислоту', 'возврат залога за углекислоту', 0, '2025-03-13', '2025-03-13 10:36:21', 0, 0),
(93, 'income', 'non-cash', 200, '2', 'продажа незамерзайки', 'продажа незамерзайки', 0, '2025-03-15', '2025-03-17 07:26:37', 0, 0),
(94, 'income', 'non-cash', 35000, '2', 'оплата сцепления', 'оплата сцепления', 0, '2025-03-17', '2025-03-17 15:59:49', 0, 0),
(95, 'expenses', 'non-cash', 1086, '1', 'доставка опорных колес', 'доставка опорных колес', 0, '2025-03-18', '2025-03-18 09:45:23', 0, 0),
(96, 'expenses', 'non-cash', 3000, '2', 'покупка передних кронштейнов крепления кабины', 'покупка передних кронштейнов крепления кабины', 0, '2025-03-19', '2025-03-20 08:37:01', 0, 0),
(97, 'expenses', 'non-cash', 2000, '2', 'покупка задних кронштейнов крепления кабины', 'покупка задних кронштейнов крепления кабины', 0, '2025-03-19', '2025-03-20 08:37:47', 0, 0),
(98, 'expenses', 'non-cash', 4200, '2', 'залог за трубу 50х50х4х6000', 'залог за трубу 50х50х4х6000', 0, '2025-03-20', '2025-03-20 14:37:10', 0, 0),
(99, 'expenses', 'non-cash', 5000, '1', 'доставка Газели эвакуатором', 'доставка Газели эвакуатором', 0, '2025-03-21', '2025-03-21 15:41:20', 0, 0),
(100, 'income', 'non-cash', 4200, '2', 'возврат залога за профильную трубу', 'возврат залога за профильную трубу', 0, '2025-03-24', '2025-03-24 14:59:28', 0, 0),
(101, 'expenses', 'non-cash', 1450, '2', 'залог за предохранители', 'залог за предохранители', 0, '2025-03-24', '2025-03-24 15:00:15', 0, 0),
(102, 'expenses', 'non-cash', 350, '2', 'оплата реле', 'оплата реле', 0, '2025-03-24', '2025-03-24 15:00:52', 0, 0),
(103, 'expenses', 'non-cash', 720, '2', 'Покупка торм. трубки для сцепления', 'Покупка торм. трубки для сцеплени', 0, '2025-03-25', '2025-03-25 13:46:49', 0, 0),
(104, 'expenses', 'non-cash', 575, '2', 'Покупка шланга и трубки сцепления', 'Покупка шланга и трубки сцепления', 0, '2025-03-25', '2025-03-25 13:47:48', 0, 0),
(105, 'expenses', 'non-cash', 2400, '2', 'Залог за цилиндры сцепления', 'Залог за цилиндры сцепления', 0, '2025-03-25', '2025-03-25 13:48:58', 0, 0),
(106, 'expenses', 'non-cash', 1000, '2', 'Залог за жидкий ключ и ТОЗ4', 'Залог за жидкий ключ и ТОЗ4', 0, '2025-03-25', '2025-03-25 13:49:41', 0, 0),
(107, 'expenses', 'non-cash', 7000, '1', 'Оплата привоза запчастей', 'Оплата привоза запчастей', 0, '2025-03-26', '2025-03-26 11:25:34', 0, 0),
(108, 'expenses', 'non-cash', 100, '2', 'Покупка корпуса воздушного фильтра', 'Покупка корпуса воздушного фильтра', 0, '2025-03-27', '2025-03-27 13:41:16', 0, 0),
(109, 'expenses', 'non-cash', 5500, '1', 'Оплата шлифовки вала', 'Оплата шлифовки вала', 0, '2025-03-28', '2025-03-28 14:33:44', 0, 0),
(110, 'income', 'non-cash', 1000, '2', 'Возврат залога из МАННОЛ', 'Возврат залога из МАННОЛ', 0, '2025-03-28', '2025-03-28 14:34:30', 0, 0),
(111, 'income', 'non-cash', 3850, '2', 'Возврат залога из ОРЕХА', 'Возврат залога из ОРЕХА', 0, '2025-03-28', '2025-03-28 14:35:26', 0, 0),
(112, 'income', 'non-cash', 200, '2', 'Продажа незамерзайки', 'Продажа незамерзайки', 0, '2025-03-30', '2025-03-31 08:16:20', 0, 0),
(113, 'expenses', 'non-cash', 5500, '1', 'Оплата шлифовки вала', 'Оплата шлифовки вала', 0, '2025-04-01', '2025-04-01 15:25:54', 0, 0),
(114, 'expenses', 'non-cash', 4000, '7', 'Германовичу', 'Германовичу', 0, '2025-04-01', '2025-04-01 15:26:28', 0, 0),
(115, 'expenses', 'non-cash', 909, '1', 'доставка Байкал Сервис вкладышей', 'доставка Байкал Сервис вкладышей', 0, '2025-04-07', '2025-04-07 12:15:38', 0, 0),
(116, 'expenses', 'non-cash', 2500, '5', 'Зарплата Замкина', 'Зарплата Замкина', 0, '2025-04-08', '2025-04-09 10:21:22', 0, 0),
(117, 'expenses', 'non-cash', 631, '2', 'Оплата болтов на компрессор', 'Оплата болтов на компрессор', 0, '2025-04-10', '2025-04-10 15:30:18', 0, 0),
(118, 'expenses', 'non-cash', 5000, '5', 'Зарплата Замкина', 'Зарплата Замкина', 0, '2025-04-11', '2025-04-14 11:57:38', 0, 0),
(119, 'expenses', 'non-cash', 0, '7', 'БАЛАНС КАССЫ НА 14.04', '+ 1300 рублей к тому что считает', 0, '2025-04-14', '2025-04-14 15:37:31', 0, 0),
(120, 'income', 'non-cash', 1300, '2', 'Баланс кассы', '+ 1300 к тому что есть', 0, '2025-04-14', '2025-04-14 15:39:15', 0, 0),
(121, 'expenses', 'non-cash', 1000, '1', 'Благодарность за консультацию о компрессорах', 'Благодарность за консультацию о компрессорах', 0, '2025-04-15', '2025-04-15 16:03:59', 0, 0),
(122, 'expenses', 'non-cash', 1719, '2', 'Покупка рессорного кронштейна на  Газель', 'Покупал Владимир Викторович', 0, '2025-04-16', '2025-04-17 07:19:23', 0, 1),
(123, 'expenses', 'non-cash', 1300, '2', 'Покупка сетки для просеивания песка', 'Покупка сетки для просеивания песка', 0, '2025-04-17', '2025-04-18 07:00:18', 0, 0),
(124, 'income', 'non-cash', 7000, '2', 'Возврат средств за шины с флиперами', 'Возврат средств за шины с флиперами', 0, '2025-04-17', '2025-04-18 07:01:19', 0, 0),
(125, 'income', 'non-cash', 13000, '2', 'Перечисление на покупку запчастей на Газель', 'Перечисление на покупку запчастей на Газель', 0, '2025-04-22', '2025-04-22 11:05:30', 0, 0),
(126, 'expenses', 'non-cash', 12190, '2', 'Покупка запчастей для Газели', 'Покупка запчастей для Газели', 0, '2025-04-22', '2025-04-22 11:06:14', 0, 0),
(127, 'income', 'non-cash', 2500, '2', 'Получено от Любови Александровны для залога', 'Получено от Любови Александровны для залога', 0, '2025-04-23', '2025-04-23 12:12:28', 0, 0),
(128, 'expenses', 'non-cash', 7100, '2', 'Залог за тормозные диски на Газель', 'Залог за тормозные диски на Газель', 0, '2025-04-23', '2025-04-23 12:13:23', 0, 0),
(129, 'expenses', 'non-cash', 997, '2', 'Залог за тормозные колодки', 'Залог за тормозные колодки', 0, '2025-04-23', '2025-04-24 07:03:10', 0, 0),
(130, 'income', 'non-cash', 2300, '2', 'Возврат денег за подушки евро 3 (еще не пришли деньги)', 'Возврат денег за подушки евро 3 (еще не пришли деньги)', 0, '2025-04-24', '2025-04-24 12:43:00', 0, 0),
(131, 'income', 'non-cash', 1260, '2', 'Возврат денег за рессорные болты ( деньги еще не пришли)', 'Возврат денег за рессорные болты ( деньги еще не пришли)', 0, '2025-04-24', '2025-04-24 12:45:58', 0, 0),
(132, 'expenses', 'non-cash', 2880, '2', 'Покупка новых подушек двигателя', 'Покупка новых подушек двигателя', 0, '2025-04-24', '2025-04-24 12:47:16', 0, 0),
(133, 'expenses', 'non-cash', 1697, '1', 'Доставка Пескоструйных СИЗов', 'Доставка Пескоструйных СИЗов', 0, '2025-04-28', '2025-04-28 15:36:40', 0, 0),
(134, 'expenses', 'non-cash', 500, '2', 'Покупка хомутов на шланги', 'Покупка хомутов на шланги', 0, '2025-04-28', '2025-04-28 15:37:21', 0, 0),
(135, 'income', 'non-cash', 3350, '2', 'продажа масла Teboil', 'продажа масла Teboil', 0, '2025-04-28', '2025-04-30 07:07:25', 0, 0),
(136, 'income', 'non-cash', 4500, '0', 'возврат денег на карту', 'возврат денег на карту', 0, '2025-04-29', '2025-04-30 07:08:26', 0, 0),
(137, 'expenses', 'non-cash', 2000, '1', 'Оплата Степаныча за подключение', 'Оплата Степаныча за подключение', 0, '2025-04-29', '2025-04-30 07:11:05', 0, 0),
(138, 'income', 'non-cash', 2000, '2', 'Оплата пескоструйных работ (4 колесных диска ) ', 'Оплата пескоструйных работ (4 колесных диска ) ', 0, '2025-04-30', '2025-04-30 16:09:01', 0, 0),
(139, 'income', 'non-cash', 2000, '2', 'Пескоструй дисков', 'Пескоструй дисков', 0, '2025-05-05', '2025-05-05 13:06:19', 0, 0),
(140, 'expenses', 'non-cash', 1088, '1', 'Оплата перевозки ПЭК', 'Оплата перевозки ПЭК', 0, '2025-05-07', '2025-05-08 07:15:33', 0, 0),
(141, 'expenses', 'non-cash', 940, '2', 'Покупка Краскораспылителя', 'Покупка Краскораспылителя', 0, '2025-05-07', '2025-05-08 07:16:23', 0, 0),
(142, 'expenses', 'non-cash', 7265, '2', 'Покупка мелкого инструмента и расходников для покраски рефрижератора', 'Покупка мелкого инструмента и расходников для покраски рефрижератора', 0, '2025-05-07', '2025-05-08 07:17:56', 0, 0),
(143, 'expenses', 'non-cash', 3334, '2', 'Покупка инструмента для жестяных работ', 'Покупка инструмента для жестяных работ', 0, '2025-05-07', '2025-05-08 07:27:06', 0, 0),
(144, 'income', 'non-cash', 5000, '2', 'Оплата за покраску', 'Оплата за покраску', 0, '2025-05-08', '2025-05-12 16:28:40', 0, 0);

-- --------------------------------------------------------

--
-- Структура таблицы `maslosklad`
--

CREATE TABLE `maslosklad` (
  `id` int(11) NOT NULL,
  `sign_of_calculation` varchar(100) NOT NULL COMMENT 'признак расчёта',
  `suppliers_id` int(11) NOT NULL COMMENT 'id поставщика',
  `buyers_id` int(11) NOT NULL COMMENT 'id покупателя',
  `property_id` int(11) NOT NULL COMMENT 'имущество',
  `count` int(11) NOT NULL COMMENT 'количество',
  `place_id` int(11) NOT NULL COMMENT 'Место хранения',
  `purpose` varchar(200) NOT NULL,
  `summa` decimal(10,2) NOT NULL COMMENT 'сумма заказа',
  `output` int(11) NOT NULL COMMENT '0 - на балансе кассы, 1 - вывод вне',
  `comment` varchar(200) NOT NULL,
  `confirm` int(11) NOT NULL DEFAULT '0',
  `date_operations` date NOT NULL COMMENT 'дата операции',
  `status` int(11) NOT NULL COMMENT '0 - не оплачен / 1 -  оплачен',
  `type_pay` int(11) NOT NULL COMMENT '0 - нал / 1 - безнал',
  `invoice_number` int(11) NOT NULL COMMENT 'номер счёта',
  `relocation` int(11) NOT NULL COMMENT 'Перемещение',
  `date_operations_relocation` date NOT NULL COMMENT 'дата перемещения',
  `write_off` int(11) NOT NULL COMMENT 'Списание с баланса',
  `is_deleted` int(11) NOT NULL DEFAULT '0' COMMENT 'признак удаления'
) ENGINE=InnoDB DEFAULT CHARSET=utf8 COMMENT='Приём расход маслосклад';

--
-- Дамп данных таблицы `maslosklad`
--

INSERT INTO `maslosklad` (`id`, `sign_of_calculation`, `suppliers_id`, `buyers_id`, `property_id`, `count`, `place_id`, `purpose`, `summa`, `output`, `comment`, `confirm`, `date_operations`, `status`, `type_pay`, `invoice_number`, `relocation`, `date_operations_relocation`, `write_off`, `is_deleted`) VALUES
(1, 'priemka', 3, 0, 4, 1, 1, '', '0.00', 0, '', 0, '2024-08-13', 0, 0, 0, 0, '0000-00-00', 0, 0),
(2, 'priemka', 3, 0, 5, 1, 1, '', '0.00', 0, '', 0, '2024-08-13', 0, 0, 0, 0, '0000-00-00', 0, 0),
(3, 'priemka', 3, 0, 2, 1, 1, '', '0.00', 0, '', 0, '2024-08-13', 0, 0, 0, 0, '0000-00-00', 0, 0),
(4, 'priemka', 3, 0, 3, 1, 1, '', '0.00', 0, '', 0, '2024-08-13', 0, 0, 0, 0, '0000-00-00', 0, 0),
(5, 'priemka', 3, 0, 1, 5, 1, '', '0.00', 0, '', 0, '2024-08-13', 0, 0, 0, 0, '0000-00-00', 0, 0),
(6, 'vydacha', 0, 0, 1, 1, 1, '', '0.00', 0, '123', 0, '2024-10-14', 0, 0, 0, 0, '0000-00-00', 0, 1),
(7, 'vydacha', 0, 0, 2, 1, 0, '', '0.00', 0, 'Тестйцу', 0, '2024-10-14', 1, 1, 0, 0, '0000-00-00', 0, 1),
(8, 'vydacha', 0, 0, 2, 123, 0, '', '0.00', 0, '123', 0, '2024-10-05', 0, 0, 0, 0, '0000-00-00', 0, 1),
(9, 'priemka', 0, 0, 11, 300, 1, '', '0.00', 0, '', 0, '2024-08-14', 0, 0, 0, 0, '0000-00-00', 0, 0),
(10, 'priemka', 0, 0, 12, 4, 1, '', '0.00', 0, '', 0, '2024-08-20', 0, 0, 0, 0, '0000-00-00', 0, 0),
(11, 'priemka', 0, 0, 13, 1, 1, '', '0.00', 0, '', 0, '2024-08-26', 0, 0, 0, 0, '0000-00-00', 0, 0),
(12, 'priemka', 3, 0, 7, 10, 1, '', '0.00', 0, '', 0, '2024-09-23', 0, 0, 0, 0, '0000-00-00', 0, 0),
(13, 'priemka', 3, 0, 8, 1, 1, '', '0.00', 0, '', 0, '2024-09-23', 0, 0, 0, 0, '0000-00-00', 0, 0),
(14, 'priemka', 3, 0, 6, 2, 1, '', '0.00', 0, '', 0, '2024-09-23', 0, 0, 0, 0, '0000-00-00', 0, 0),
(15, 'priemka', 3, 0, 9, 2, 1, '', '0.00', 0, '', 0, '2024-09-23', 0, 0, 0, 0, '0000-00-00', 0, 0),
(16, 'priemka', 5, 0, 10, 3, 1, '', '0.00', 0, '', 0, '2024-10-11', 0, 0, 0, 0, '0000-00-00', 0, 0),
(17, 'vydacha', 0, 1, 5, 10, 0, '', '3000.00', 0, 'Счет на оплату №2 от 15 октября 2024г.', 0, '2024-10-01', 1, 1, 2, 0, '0000-00-00', 0, 0),
(18, 'vydacha', 0, 1, 11, 2, 0, '', '0.00', 0, 'Счет на оплату №2 от 15 октября 2024г.', 0, '2024-10-01', 1, 1, 0, 0, '0000-00-00', 0, 0),
(19, 'vydacha', 0, 1, 2, 35, 0, '', '12250.00', 0, 'Счет на оплату №1 от 27 сентября 2024г.', 0, '2024-09-25', 1, 1, 1, 0, '0000-00-00', 0, 0),
(20, 'vydacha', 0, 1, 11, 7, 0, '', '0.00', 0, 'Счет на оплату №1 от 27 сентября 2024г.', 0, '2024-09-25', 1, 1, 0, 0, '0000-00-00', 0, 0),
(21, 'vydacha', 0, 1, 4, 12, 0, '', '2400.00', 0, 'Счет на оплату №1 от 27 сентября 2024г.', 0, '2024-09-20', 1, 1, 1, 0, '0000-00-00', 0, 0),
(22, 'vydacha', 0, 1, 11, 3, 0, '', '0.00', 0, 'Счет на оплату №1 от 27 сентября 2024г.', 0, '2024-09-20', 1, 1, 0, 0, '0000-00-00', 0, 0),
(23, 'vydacha', 0, 0, 2, 15, 0, '', '0.00', 0, '', 0, '2024-09-09', 1, 0, 0, 0, '0000-00-00', 0, 0),
(24, 'vydacha', 0, 0, 11, 3, 0, '', '0.00', 0, '', 0, '2024-09-09', 1, 0, 0, 0, '0000-00-00', 0, 0),
(25, 'vydacha', 0, 0, 2, 12, 0, '', '0.00', 0, '', 0, '2024-09-05', 1, 0, 0, 0, '0000-00-00', 0, 0),
(26, 'vydacha', 0, 0, 11, 3, 0, '', '0.00', 0, '', 0, '2024-09-05', 1, 0, 0, 0, '0000-00-00', 0, 0),
(27, 'vydacha', 0, 0, 5, 5, 0, '', '0.00', 0, '', 0, '2024-08-22', 1, 0, 0, 0, '0000-00-00', 0, 0),
(28, 'vydacha', 0, 0, 11, 1, 0, '', '0.00', 0, '', 0, '2024-08-22', 1, 0, 0, 0, '0000-00-00', 0, 0),
(29, 'vydacha', 0, 1, 2, 35, 0, '', '0.00', 0, '', 0, '2024-08-21', 1, 0, 0, 0, '0000-00-00', 0, 0),
(30, 'vydacha', 0, 1, 11, 7, 0, '', '0.00', 0, '', 0, '2024-08-21', 1, 0, 0, 0, '0000-00-00', 0, 0),
(31, 'vydacha', 0, 1, 1, 2, 5, '', '16000.00', 0, 'Тест списания с баланса / сумму проверить', 0, '2024-08-13', 1, 0, 0, 1, '2024-08-13', 0, 1),
(32, 'priemka', 0, 0, 14, 1, 1, '', '0.00', 0, '', 0, '2024-09-09', 0, 0, 0, 0, '0000-00-00', 0, 0),
(33, 'priemka', 6, 0, 19, 1, 2, '', '0.00', 0, '', 0, '2024-09-17', 0, 0, 0, 0, '0000-00-00', 0, 0),
(34, 'priemka', 6, 0, 30, 1, 2, '', '0.00', 0, '', 0, '2024-09-17', 0, 0, 0, 0, '0000-00-00', 0, 0),
(35, 'priemka', 6, 0, 22, 1, 2, '', '0.00', 0, '', 0, '2024-09-17', 0, 0, 0, 0, '0000-00-00', 0, 0),
(36, 'priemka', 6, 0, 31, 1, 2, '', '0.00', 0, '', 0, '2024-09-17', 0, 0, 0, 0, '0000-00-00', 0, 0),
(37, 'priemka', 6, 0, 32, 10, 2, '', '0.00', 0, '', 0, '2024-09-17', 0, 0, 0, 0, '0000-00-00', 0, 0),
(38, 'priemka', 6, 0, 33, 5, 2, '', '0.00', 0, '', 0, '2024-09-17', 0, 0, 0, 0, '0000-00-00', 0, 0),
(39, 'priemka', 6, 0, 28, 5, 2, '', '0.00', 0, '', 0, '2024-09-17', 0, 0, 0, 0, '0000-00-00', 0, 0),
(40, 'priemka', 6, 0, 15, 2, 2, '', '0.00', 0, '', 1, '2024-09-17', 0, 0, 0, 0, '0000-00-00', 0, 0),
(41, 'priemka', 6, 0, 16, 4, 2, '', '0.00', 0, '', 0, '2024-09-17', 0, 0, 0, 0, '0000-00-00', 0, 0),
(42, 'priemka', 6, 0, 18, 2, 2, '', '0.00', 0, '', 0, '2024-09-17', 0, 0, 0, 0, '0000-00-00', 0, 0),
(43, 'priemka', 6, 0, 35, 2, 2, '', '0.00', 0, '', 0, '2024-09-17', 0, 0, 0, 0, '0000-00-00', 0, 0),
(44, 'priemka', 6, 0, 36, 10, 2, '', '0.00', 0, '', 0, '2024-09-17', 0, 0, 0, 0, '0000-00-00', 0, 0),
(45, 'priemka', 6, 0, 25, 2, 2, '', '0.00', 0, '', 0, '2024-09-17', 0, 0, 0, 0, '0000-00-00', 0, 0),
(46, 'priemka', 6, 0, 24, 2, 2, '', '0.00', 0, '', 0, '2024-09-17', 0, 0, 0, 0, '0000-00-00', 0, 0),
(47, 'priemka', 6, 0, 37, 12, 2, '', '0.00', 0, '', 0, '2024-09-17', 0, 0, 0, 0, '0000-00-00', 0, 0),
(48, 'priemka', 6, 0, 29, 3, 2, '', '0.00', 0, '', 0, '2024-09-17', 0, 0, 0, 0, '0000-00-00', 0, 0),
(49, 'priemka', 6, 0, 38, 4, 2, '', '0.00', 0, '', 1, '2024-09-17', 0, 0, 0, 0, '0000-00-00', 0, 0),
(50, 'vydacha', 0, 1, 31, 1, 0, '', '13780.00', 0, 'Счет на оплату №1 от 27 сентября 2024г.', 0, '2024-09-27', 1, 1, 1, 0, '0000-00-00', 0, 0),
(51, 'vydacha', 0, 1, 24, 1, 0, '', '6760.00', 0, 'Счет на оплату №1 от 27 сентября 2024г.', 0, '2024-09-27', 1, 1, 1, 0, '0000-00-00', 0, 0),
(52, 'vydacha', 0, 1, 28, 1, 0, '', '1430.00', 0, 'Счет на оплату №1 от 27 сентября 2024г.', 0, '2024-09-27', 1, 1, 1, 0, '0000-00-00', 0, 0),
(53, 'vydacha', 0, 1, 30, 1, 0, '', '12350.00', 0, 'Счет на оплату №2 от 15 октября 2024г.', 0, '2024-10-04', 1, 1, 2, 0, '0000-00-00', 0, 0),
(54, 'vydacha', 0, 0, 10, 3, 0, '', '0.00', 0, 'Счет на оплату №2 от 15 октября 2024г.', 0, '2024-10-11', 0, 0, 0, 0, '0000-00-00', 0, 1),
(55, 'vydacha', 0, 1, 4, 12, 0, '', '2400.00', 0, 'Счёт №3 от 28 октября 2024г.', 0, '2024-10-17', 1, 1, 3, 0, '0000-00-00', 0, 0),
(56, 'vydacha', 0, 1, 11, 3, 0, '', '0.00', 0, 'Счёт №3 от 28 октября 2024г.', 0, '2024-10-17', 1, 1, 0, 0, '0000-00-00', 0, 0),
(57, 'vydacha', 0, 2, 2, 6, 0, '', '1980.00', 0, '1000 в папке + 1000 за перевозку корзин Сергей Ремонт Газелей', 0, '2024-10-17', 1, 0, 0, 0, '0000-00-00', 0, 0),
(58, 'vydacha', 0, 2, 11, 1, 0, '', '0.00', 0, 'Сергей Ремонт Газелей', 0, '2024-10-17', 1, 0, 0, 0, '0000-00-00', 0, 0),
(59, 'vydacha', 0, 1, 4, 22, 0, '', '4400.00', 0, 'Счёт №3 от 28 октября 2024г.', 0, '2024-10-17', 1, 1, 3, 0, '0000-00-00', 0, 0),
(60, 'vydacha', 0, 0, 1, 1, 0, '', '0.00', 0, 'забрал Павла Юрьевича поставил в офисе Авторемонта', 0, '2024-10-17', 0, 0, 0, 0, '0000-00-00', 0, 1),
(61, 'vydacha', 0, 0, 1, 1, 0, '', '0.00', 0, 'забрал Павла Юрьевича поставил в офисе Авторемонта', 0, '2024-10-17', 0, 0, 0, 0, '0000-00-00', 0, 1),
(62, 'vydacha', 0, 0, 1, 1, 3, '', '0.00', 0, 'забрал у Павла Юрьевича переставил в офис Авторемонта', 0, '2024-10-17', 0, 0, 0, 1, '2024-10-17', 0, 0),
(63, 'vydacha', 0, 0, 2, 5, 3, '', '0.00', 0, 'выставка в Авторемонте', 0, '2024-10-17', 0, 0, 0, 1, '2024-10-17', 0, 0),
(64, 'vydacha', 0, 0, 4, 5, 3, '', '0.00', 0, 'выставка в Авторемонте', 0, '2024-10-17', 0, 0, 0, 1, '2024-10-17', 0, 0),
(65, 'vydacha', 0, 0, 5, 5, 3, '', '0.00', 0, 'выставка в Авторемонте', 0, '2024-10-17', 0, 0, 0, 1, '2024-10-17', 0, 0),
(66, 'vydacha', 0, 0, 6, 1, 3, '', '0.00', 0, 'выставка в Авторемонте', 0, '2024-10-17', 0, 0, 0, 1, '2024-10-17', 0, 0),
(67, 'vydacha', 0, 0, 7, 1, 3, '', '0.00', 0, 'выставка в Авторемонте', 0, '2024-10-17', 0, 0, 0, 1, '2024-10-17', 0, 0),
(68, 'vydacha', 0, 0, 8, 5, 3, '', '0.00', 0, 'выставка в Авторемонте', 0, '2024-10-17', 0, 0, 0, 1, '2024-10-17', 0, 0),
(69, 'vydacha', 0, 0, 9, 1, 3, '', '0.00', 0, 'выставка в Авторемонте', 0, '2024-10-17', 0, 0, 0, 1, '2024-10-17', 0, 0),
(70, 'vydacha', 0, 2, 2, 6, 0, '', '1980.00', 0, 'Перевод на карту Сергей Ремонт Газелей(перевод на карту Владимир Владимировичу )', 0, '2024-10-21', 1, 0, 0, 0, '0000-00-00', 0, 0),
(71, 'vydacha', 0, 1, 11, 5, 0, '', '0.00', 0, 'Счёт №3 от 28 октября 2024г.', 0, '2024-10-17', 1, 1, 0, 0, '0000-00-00', 0, 0),
(72, 'vydacha', 0, 2, 11, 1, 0, '', '0.00', 0, 'Перевод на карту Сергей Ремонт Газелей', 0, '2024-10-21', 1, 0, 0, 0, '0000-00-00', 0, 0),
(73, 'vydacha', 0, 1, 19, 2, 0, '', '8970.00', 0, 'Счёт №3 от 28 октября 2024г.', 0, '2024-10-25', 1, 1, 3, 0, '0000-00-00', 0, 0),
(74, 'vydacha', 0, 1, 16, 1, 0, '', '21125.00', 0, 'Счёт №3 от 28 октября 2024г.', 0, '2024-10-25', 1, 1, 3, 0, '0000-00-00', 0, 0),
(75, 'vydacha', 0, 1, 26, 1, 0, '', '2210.00', 0, 'Счёт №3 от 28 октября 2024г.', 0, '2024-10-25', 1, 1, 3, 0, '0000-00-00', 0, 0),
(76, 'vydacha', 0, 2, 2, 15, 0, '', '4950.00', 0, 'Сергей Ремонт Газелей', 0, '2024-10-28', 1, 0, 0, 0, '0000-00-00', 0, 0),
(77, 'priemka', 3, 0, 39, 1, 1, '', '0.00', 0, '', 0, '2024-10-25', 0, 0, 0, 0, '0000-00-00', 0, 0),
(78, 'priemka', 3, 0, 40, 1, 1, '', '0.00', 0, '', 0, '2024-10-25', 0, 0, 0, 0, '0000-00-00', 0, 0),
(79, 'priemka', 3, 0, 41, 1, 1, '', '0.00', 0, '', 0, '2024-10-25', 0, 0, 0, 0, '0000-00-00', 0, 0),
(80, 'priemka', 3, 0, 42, 1, 1, '', '0.00', 0, '', 0, '2024-10-25', 0, 0, 0, 0, '0000-00-00', 0, 0),
(81, 'priemka', 3, 0, 43, 1, 1, '', '0.00', 0, '', 0, '2024-10-25', 0, 0, 0, 0, '0000-00-00', 0, 0),
(82, 'priemka', 3, 0, 44, 1, 1, '', '0.00', 0, '', 0, '2024-10-25', 0, 0, 0, 0, '0000-00-00', 0, 0),
(83, 'priemka', 3, 0, 45, 1, 1, '', '0.00', 0, '', 0, '2024-10-25', 0, 0, 0, 0, '0000-00-00', 0, 0),
(84, 'priemka', 3, 0, 46, 1, 1, '', '0.00', 0, '', 0, '2024-10-25', 0, 0, 0, 0, '0000-00-00', 0, 0),
(85, 'priemka', 3, 0, 47, 1, 1, '', '0.00', 0, '', 0, '2024-10-25', 0, 0, 0, 0, '0000-00-00', 0, 0),
(86, 'priemka', 3, 0, 48, 1, 1, '', '0.00', 0, '', 0, '2024-10-25', 0, 0, 0, 0, '0000-00-00', 0, 0),
(87, 'priemka', 3, 0, 49, 1, 1, '', '0.00', 0, '', 0, '2024-10-25', 0, 0, 0, 0, '0000-00-00', 0, 0),
(88, 'priemka', 3, 0, 50, 1, 1, '', '0.00', 0, '', 0, '2024-10-25', 0, 0, 0, 0, '0000-00-00', 0, 0),
(89, 'vydacha', 0, 1, 2, 35, 0, '', '12250.00', 0, 'Счет №5 от 20 ноября 2024г.', 0, '2024-10-29', 1, 1, 5, 0, '0000-00-00', 0, 0),
(90, 'vydacha', 0, 1, 5, 5, 0, '', '1500.00', 0, 'Счет №5 от 20 ноября 2024г.', 0, '2024-10-31', 1, 1, 5, 0, '0000-00-00', 0, 0),
(91, 'vydacha', 0, 2, 2, 12, 0, '', '3960.00', 0, 'Сергей Ремонт Газелей', 0, '2024-11-01', 1, 0, 0, 0, '0000-00-00', 0, 0),
(92, 'vydacha', 0, 2, 2, 20, 0, '', '6600.00', 0, 'Сергей Ремонт Газелей', 0, '2024-11-06', 1, 0, 0, 0, '0000-00-00', 0, 0),
(93, 'vydacha', 0, 2, 7, 1, 0, '', '3500.00', 0, 'Сергей Ремонт Газелей', 0, '2024-11-06', 1, 0, 0, 0, '0000-00-00', 0, 0),
(94, 'vydacha', 0, 0, 7, 1, 0, '', '0.00', 0, 'Сергей Ремонт Газелей', 0, '2024-11-06', 0, 0, 0, 0, '0000-00-00', 0, 1),
(95, 'vydacha', 0, 2, 8, 5, 0, '', '900.00', 0, 'Сергей Ремонт Газелей', 0, '2024-11-06', 1, 0, 0, 0, '0000-00-00', 0, 0),
(96, 'vydacha', 0, 3, 39, 1, 0, '', '0.00', 0, 'Охрана Сарычев', 0, '2024-11-06', 0, 0, 0, 0, '0000-00-00', 1, 0),
(97, 'vydacha', 0, 3, 41, 1, 0, '', '0.00', 0, 'Охрана Лавров', 0, '2024-11-06', 0, 0, 0, 0, '0000-00-00', 1, 0),
(98, 'vydacha', 0, 3, 42, 1, 0, '', '0.00', 0, 'Охрана Баранов', 0, '2024-11-07', 0, 0, 0, 0, '0000-00-00', 1, 0),
(99, 'priemka', 3, 0, 41, 5, 1, '', '0.00', 0, '', 0, '2024-11-08', 0, 0, 0, 0, '0000-00-00', 0, 0),
(100, 'priemka', 3, 0, 2, 1, 1, '', '0.00', 0, '', 0, '2024-11-08', 0, 0, 0, 0, '0000-00-00', 0, 0),
(101, 'priemka', 2, 0, 51, 8, 1, '', '0.00', 0, '', 0, '2024-11-11', 0, 0, 0, 0, '0000-00-00', 0, 0),
(102, 'vydacha', 0, 1, 51, 8, 0, '', '59200.00', 0, 'Счёт на оплату №4 от 11 ноября 2024г.', 0, '2024-11-11', 1, 1, 4, 0, '0000-00-00', 0, 0),
(103, 'vydacha', 0, 1, 1, 2, 0, '', '0.00', 0, 'Выдано на Авторемонт ( оплата на карту )', 0, '2024-11-12', 1, 0, 0, 0, '0000-00-00', 0, 0),
(104, 'priemka', 4, 0, 52, 1, 1, '', '0.00', 0, '', 0, '2024-11-13', 0, 0, 0, 0, '0000-00-00', 0, 0),
(105, 'priemka', 4, 0, 53, 30, 1, '', '0.00', 0, '', 0, '2024-11-13', 0, 0, 0, 0, '0000-00-00', 0, 0),
(106, 'vydacha', 0, 0, 41, 1, 3, '', '0.00', 0, 'выставка в Авторемонте', 0, '2024-11-14', 0, 0, 0, 1, '2024-11-14', 0, 0),
(107, 'vydacha', 0, 0, 53, 1, 3, '', '0.00', 0, 'выставка в Авторемонте', 0, '2024-11-14', 0, 0, 0, 1, '2024-11-14', 0, 0),
(108, 'vydacha', 0, 1, 33, 1, 0, '', '5070.00', 0, 'Счёт №7 20 ноября 2024г.', 0, '2024-11-19', 1, 1, 7, 0, '0000-00-00', 0, 0),
(109, 'vydacha', 0, 1, 36, 1, 0, '', '2210.00', 0, 'Счёт №7 20 ноября 2024г.', 0, '2024-11-20', 1, 1, 7, 0, '0000-00-00', 0, 0),
(110, 'vydacha', 0, 1, 15, 1, 0, '', '19890.00', 0, 'Счёт №7 20 ноября 2024г.', 0, '2024-11-20', 1, 1, 7, 0, '0000-00-00', 0, 0),
(111, 'vydacha', 0, 3, 1, 1, 0, '', '8000.00', 0, 'Выдано частному лицу ( - 2000 р работа погрузчика ), выдано 1000 к зарплате Эдуарда Яковлевича', 0, '2024-11-20', 1, 0, 0, 0, '0000-00-00', 0, 0),
(112, 'vydacha', 0, 1, 54, 1, 0, '', '13188.00', 0, 'Счет на оплату №6 от 20 ноября 2024г.', 0, '2024-11-21', 1, 1, 6, 0, '0000-00-00', 0, 0),
(113, 'vydacha', 0, 1, 55, 1, 0, '', '6275.00', 0, 'Счет на оплату №6 от 20 ноября 2024г.', 0, '2024-11-21', 1, 1, 6, 0, '0000-00-00', 0, 0),
(114, 'vydacha', 0, 1, 56, 1, 0, '', '4320.00', 0, 'Счет на оплату №6 от 20 ноября 2024г.', 0, '2024-11-22', 1, 1, 6, 0, '0000-00-00', 0, 0),
(115, 'vydacha', 0, 1, 57, 1, 0, '', '6215.00', 0, 'Счет на оплату №6 от 20 ноября 2024г.', 0, '2024-11-22', 1, 1, 6, 0, '0000-00-00', 0, 0),
(116, 'vydacha', 0, 1, 2, 30, 0, '', '10500.00', 0, 'Счет на оплату №9 от 25 ноября 2024г.', 0, '2024-11-21', 1, 1, 9, 0, '0000-00-00', 0, 0),
(117, 'vydacha', 0, 1, 7, 1, 0, '', '3500.00', 0, 'Счет на оплату №9 от 25 ноября 2024г.', 0, '2024-11-25', 1, 1, 9, 0, '0000-00-00', 0, 0),
(118, 'vydacha', 0, 1, 8, 10, 0, '', '1800.00', 0, 'Счет на оплату №9 от 25 ноября 2024г.', 0, '2024-11-25', 1, 1, 9, 0, '0000-00-00', 0, 0),
(119, 'vydacha', 0, 3, 53, 1, 0, '', '3325.00', 0, 'выдано Малышеву С.М.', 0, '2024-11-27', 0, 0, 0, 0, '0000-00-00', 1, 0),
(120, 'vydacha', 0, 1, 4, 15, 0, '', '2850.00', 0, 'Счет на оплату №12 от 18 декабря 2024г.', 0, '2024-11-28', 1, 1, 12, 0, '0000-00-00', 0, 0),
(121, 'vydacha', 0, 1, 1, 1, 0, '', '8000.00', 0, 'выдано с выставки Автремонта Счет на оплату №12 от 18 декабря 2024г.', 0, '2024-12-03', 1, 1, 12, 0, '0000-00-00', 0, 0),
(122, 'vydacha', 0, 1, 2, 20, 0, '', '7000.00', 0, 'Счет на оплату №12 от 18 декабря 2024г.', 0, '2024-12-03', 1, 1, 12, 0, '0000-00-00', 0, 0),
(123, 'vydacha', 0, 3, 4, 13, 0, '', '2350.00', 0, 'перевод от  Фирсова', 0, '2024-12-10', 1, 0, 0, 0, '0000-00-00', 0, 0),
(124, 'vydacha', 0, 3, 41, 1, 0, '', '1800.00', 0, 'реализация 1 канистра ???', 0, '2024-12-11', 1, 0, 0, 0, '0000-00-00', 0, 0),
(125, 'vydacha', 0, 3, 53, 2, 6, '', '3500.00', 0, 'под реализацию у пацанов в гараже.', 0, '2024-12-11', 0, 0, 0, 1, '2024-12-11', 0, 0),
(126, 'vydacha', 0, 2, 2, 20, 0, '', '6600.00', 0, '', 0, '2024-12-12', 1, 0, 0, 0, '0000-00-00', 0, 0),
(127, 'vydacha', 0, 1, 5, 20, 0, '', '5800.00', 0, 'Счет на оплату №12 от 18 декабря 2024г.', 0, '2024-12-12', 1, 1, 12, 0, '0000-00-00', 0, 0),
(128, 'vydacha', 0, 1, 2, 10, 0, '', '3500.00', 0, 'Счет на оплату №12 от 18 декабря 2024г.', 0, '2024-12-13', 1, 1, 12, 0, '0000-00-00', 0, 0),
(129, 'priemka', 4, 0, 58, 5, 1, '', '0.00', 0, '', 0, '2024-12-13', 0, 0, 0, 0, '0000-00-00', 0, 0),
(130, 'priemka', 4, 0, 59, 3, 1, '', '0.00', 0, '', 0, '2024-12-13', 0, 0, 0, 0, '0000-00-00', 0, 0),
(131, 'priemka', 4, 0, 60, 5, 1, '', '0.00', 0, '', 0, '2024-12-13', 0, 0, 0, 0, '0000-00-00', 0, 0),
(132, 'priemka', 4, 0, 61, 3, 1, '', '0.00', 0, '', 0, '2024-12-13', 0, 0, 0, 0, '0000-00-00', 0, 0),
(133, 'priemka', 4, 0, 62, 3, 1, '', '0.00', 0, '', 0, '2024-12-13', 0, 0, 0, 0, '0000-00-00', 0, 0),
(134, 'priemka', 4, 0, 52, 1, 1, '', '0.00', 0, '', 0, '2024-12-13', 0, 0, 0, 0, '0000-00-00', 0, 0),
(135, 'vydacha', 0, 1, 32, 2, 0, '', '8970.00', 0, 'Счет на оплату №11 от 18 декабря 2024г.', 0, '2024-12-17', 1, 1, 11, 0, '0000-00-00', 0, 0),
(136, 'vydacha', 0, 1, 15, 1, 0, '', '19890.00', 0, 'Счет на оплату №11 от 18 декабря 2024г.', 0, '2024-12-17', 1, 1, 11, 0, '0000-00-00', 0, 0),
(137, 'vydacha', 0, 1, 36, 1, 0, '', '2210.00', 0, 'Счет на оплату №11 от 18 декабря 2024г.', 0, '2024-12-17', 1, 1, 11, 0, '0000-00-00', 0, 0),
(138, 'vydacha', 0, 1, 2, 35, 0, '', '12250.00', 0, 'Счет на оплату №11 от 18 декабря 2024г.', 0, '2024-12-17', 1, 1, 11, 0, '0000-00-00', 0, 0),
(139, 'vydacha', 0, 3, 2, 60, 0, '', '19800.00', 0, '', 0, '2024-12-17', 1, 0, 0, 0, '0000-00-00', 0, 0),
(140, 'priemka', 0, 0, 64, 2500, 1, '', '0.00', 0, '', 0, '2024-12-16', 0, 0, 0, 0, '0000-00-00', 0, 0),
(141, 'vydacha', 0, 3, 64, 1, 0, '', '200.00', 0, '', 0, '2024-12-17', 1, 0, 0, 0, '0000-00-00', 0, 0),
(142, 'vydacha', 0, 3, 64, 12, 0, '', '2400.00', 0, 'Подарок с наступающим Новым Годом СНС / СНК / АВТОРЕМОНТ ДВ', 0, '2024-12-17', 0, 0, 0, 0, '0000-00-00', 1, 0),
(143, 'vydacha', 0, 1, 7, 2, 0, '', '7000.00', 0, 'Счет на оплату №11 от 18 декабря 2024г.', 0, '2024-12-17', 1, 1, 11, 0, '0000-00-00', 0, 0),
(144, 'vydacha', 0, 3, 64, 2, 5, '', '400.00', 0, 'выставка у сторожей', 0, '2024-12-17', 1, 0, 0, 1, '2024-12-17', 0, 0),
(145, 'vydacha', 0, 3, 64, 2, 0, '', '400.00', 0, 'Фирсову и Сарычеву - С Новым Годом', 0, '2024-12-18', 0, 0, 0, 0, '0000-00-00', 1, 0),
(146, 'vydacha', 0, 3, 64, 4, 5, '', '800.00', 0, 'Витрина на бочке у проходной', 0, '2024-12-18', 1, 0, 0, 1, '2024-12-18', 0, 0),
(147, 'vydacha', 0, 0, 64, 1, 0, '', '200.00', 0, 'Лабораторные исследования', 0, '2024-12-17', 0, 0, 0, 0, '0000-00-00', 1, 0),
(148, 'vydacha', 0, 3, 64, 2, 0, '', '400.00', 0, 'Механики Стройтранса с Новым Годом', 0, '2024-12-18', 0, 0, 0, 0, '0000-00-00', 1, 0),
(149, 'vydacha', 0, 0, 64, 1, 0, '', '200.00', 0, 'Сергей ремонт Газелей с Новым Годом', 0, '2024-12-18', 0, 0, 0, 0, '0000-00-00', 1, 0),
(150, 'vydacha', 0, 3, 64, 2, 0, '', '800.00', 0, 'Сар Милк с Новым Годом.', 0, '2024-12-19', 0, 0, 0, 0, '0000-00-00', 1, 1),
(151, 'vydacha', 0, 3, 64, 2, 0, '', '400.00', 0, 'Сар Милк с Новым Годом.', 0, '2024-12-19', 0, 0, 0, 0, '0000-00-00', 1, 0),
(152, 'vydacha', 0, 3, 64, 2, 0, '', '400.00', 0, 'ИП Михайлов с Новым Годом', 0, '2024-12-19', 0, 0, 0, 0, '0000-00-00', 1, 0),
(153, 'priemka', 3, 0, 2, 1, 1, '', '0.00', 0, '', 0, '2024-12-20', 0, 0, 0, 0, '0000-00-00', 0, 0),
(154, 'vydacha', 0, 3, 64, 6, 5, '', '1200.00', 0, 'Взяли бетононасосники деньги отдали', 0, '2024-12-23', 1, 0, 0, 1, '2024-12-23', 0, 0),
(155, 'vydacha', 0, 3, 64, 2, 0, '', '400.00', 0, 'Любовь Александровна с Новым Годом', 0, '2024-12-23', 0, 0, 0, 0, '0000-00-00', 1, 0),
(156, 'vydacha', 0, 3, 64, 8, 3, '', '1600.00', 0, 'Выставка в АВТОРЕМОНТЕ', 0, '2024-12-23', 0, 0, 0, 1, '2024-12-23', 0, 0),
(157, 'vydacha', 0, 3, 64, 8, 0, '', '1600.00', 0, 'выставка в Авторемонте', 0, '2024-12-23', 0, 0, 0, 0, '0000-00-00', 0, 1),
(158, 'vydacha', 0, 3, 64, 6, 5, '', '200.00', 0, 'выставка у сторожей', 0, '2024-12-23', 1, 0, 0, 1, '2024-12-23', 0, 0),
(159, 'priemka', 6, 0, 31, 5, 2, '', '0.00', 0, '', 0, '2024-10-15', 0, 0, 0, 0, '0000-00-00', 0, 0),
(160, 'priemka', 1, 0, 57, 1, 1, '', '0.00', 0, 'Запчасти на ПАЗИК', 0, '2024-11-22', 0, 0, 0, 0, '0000-00-00', 0, 0),
(161, 'priemka', 1, 0, 56, 1, 1, '', '0.00', 0, 'Запчасти ПАЗИК', 0, '2024-11-22', 0, 0, 0, 0, '0000-00-00', 0, 0),
(162, 'priemka', 1, 0, 55, 1, 3, '', '0.00', 0, 'Запчасти ПАЗИК', 0, '2024-11-22', 0, 0, 0, 0, '0000-00-00', 0, 0),
(163, 'priemka', 1, 0, 54, 1, 1, '', '0.00', 0, 'Запчасти ПАЗИК', 0, '2024-11-22', 0, 0, 0, 0, '0000-00-00', 0, 0),
(164, 'priemka', 7, 0, 65, 5, 2, '', '0.00', 0, 'Счёт-фактура № МД-21939 от 24 декабря 2024г.', 0, '2024-12-25', 0, 0, 0, 0, '0000-00-00', 0, 0),
(165, 'priemka', 7, 0, 66, 5, 2, '', '0.00', 0, 'Счёт-фактура № МД-21939 от 24 декабря 2024г.', 0, '2024-12-25', 0, 0, 0, 0, '0000-00-00', 0, 0),
(166, 'priemka', 7, 0, 67, 5, 2, '', '0.00', 0, 'Счёт-фактура № МД-21939 от 24 декабря 2024г.', 0, '2024-12-25', 0, 0, 0, 0, '0000-00-00', 0, 0),
(167, 'priemka', 7, 0, 68, 5, 2, '', '0.00', 0, 'Счёт-фактура № МД-21939 от 24 декабря 2024г.', 0, '2024-12-25', 0, 0, 0, 0, '0000-00-00', 0, 0),
(168, 'priemka', 6, 0, 15, 2, 2, '', '0.00', 0, '(не усиленная )', 0, '2024-12-25', 0, 0, 0, 0, '0000-00-00', 0, 0),
(169, 'priemka', 7, 0, 69, 16, 2, '', '0.00', 0, 'Счёт-фактура № МД-21937 от 24.12.2024', 0, '2024-12-25', 0, 0, 0, 0, '0000-00-00', 0, 0),
(170, 'vydacha', 0, 1, 69, 8, 0, '', '777.00', 0, '', 0, '2024-12-25', 0, 0, 0, 0, '0000-00-00', 0, 0),
(171, 'vydacha', 0, 3, 64, 1, 0, '', '200.00', 0, 'забрал Владимир Александрович', 0, '2024-12-25', 0, 0, 0, 0, '0000-00-00', 1, 0),
(172, 'vydacha', 0, 1, 15, 1, 0, '', '19890.00', 0, 'не усиленная 	Счет на оплату №13 от 25 декабря 2024г.', 0, '2024-12-25', 1, 1, 13, 0, '0000-00-00', 0, 0),
(173, 'vydacha', 0, 1, 20, 2, 0, '', '8970.00', 0, 'Счет на оплату №13 от 25 декабря 2024г.', 0, '2024-12-25', 1, 1, 13, 0, '0000-00-00', 0, 0),
(174, 'vydacha', 0, 1, 27, 1, 0, '', '5525.00', 0, 'Счет на оплату №13 от 25 декабря 2024г.', 0, '2024-12-25', 1, 1, 13, 0, '0000-00-00', 0, 0),
(175, 'vydacha', 0, 1, 26, 1, 0, '', '2420.00', 0, 'Счет на оплату №13 от 25 декабря 2024г.', 0, '2024-12-25', 1, 1, 13, 0, '0000-00-00', 0, 0),
(176, 'vydacha', 0, 1, 8, 10, 0, '', '2000.00', 0, 'Счет на оплату №14 от 17 февраля 2025г', 0, '2024-12-25', 0, 1, 14, 0, '0000-00-00', 0, 0),
(177, 'vydacha', 0, 3, 64, 1, 0, '', '200.00', 0, '', 0, '2024-12-25', 1, 0, 0, 0, '0000-00-00', 0, 0),
(178, 'vydacha', 0, 2, 2, 6, 0, '', '1980.00', 0, '', 0, '2024-12-26', 1, 0, 0, 0, '0000-00-00', 0, 0),
(179, 'vydacha', 0, 2, 8, 10, 0, '', '1800.00', 0, 'Счет на оплату №14 от 17 февраля 2025г', 0, '2024-12-26', 1, 0, 14, 0, '0000-00-00', 0, 0),
(180, 'vydacha', 0, 2, 64, 1, 0, '', '200.00', 0, 'вместо сдачи выдано', 0, '2024-12-27', 1, 0, 0, 0, '0000-00-00', 0, 0),
(181, 'priemka', 8, 0, 70, 1, 1, '', '0.00', 0, '', 0, '2024-12-27', 0, 0, 0, 0, '0000-00-00', 0, 0),
(182, 'priemka', 8, 0, 71, 6, 1, '', '0.00', 0, '', 0, '2024-12-27', 0, 0, 0, 0, '0000-00-00', 0, 0),
(183, 'vydacha', 0, 3, 64, 8, 3, '', '1600.00', 0, 'Авторемонт Мойка', 0, '2024-12-28', 0, 0, 0, 1, '2024-12-28', 0, 0),
(184, 'vydacha', 0, 2, 2, 12, 0, '', '3960.00', 0, '', 0, '2025-01-05', 1, 0, 0, 0, '0000-00-00', 0, 0),
(185, 'vydacha', 0, 2, 8, 10, 0, '', '1800.00', 0, '', 0, '2025-01-05', 1, 0, 0, 0, '0000-00-00', 0, 0),
(186, 'vydacha', 0, 3, 64, 5, 0, '', '1000.00', 0, '', 0, '2025-01-06', 1, 0, 0, 0, '0000-00-00', 0, 0),
(187, 'vydacha', 0, 3, 64, 4, 5, '', '800.00', 0, 'выставка у сторожей', 0, '2025-01-08', 0, 0, 0, 1, '2025-01-08', 0, 0),
(188, 'vydacha', 0, 1, 2, 35, 0, '', '12950.00', 0, 'Счет на оплату №14 от 17 февраля 2025г', 0, '2025-01-09', 1, 1, 14, 0, '0000-00-00', 0, 0),
(189, 'vydacha', 0, 3, 64, 1, 0, '', '200.00', 0, '', 0, '2025-01-09', 0, 0, 0, 0, '0000-00-00', 0, 0),
(190, 'vydacha', 0, 1, 2, 5, 0, '', '1850.00', 0, 'Счет на оплату №14 от 17 февраля 2025г', 0, '2025-01-10', 0, 1, 14, 0, '0000-00-00', 0, 0),
(191, 'vydacha', 0, 1, 8, 5, 0, '', '1000.00', 0, 'Счет на оплату №14 от 17 февраля 2025г', 0, '2025-01-10', 0, 1, 14, 0, '0000-00-00', 0, 0),
(192, 'vydacha', 0, 1, 5, 2, 0, '', '0.00', 0, 'Просьба Павла Юрьевича', 0, '2025-01-10', 0, 0, 0, 0, '0000-00-00', 0, 0),
(193, 'vydacha', 0, 1, 1, 1, 0, '', '777.00', 0, 'TEST', 0, '2025-01-10', 0, 0, 0, 0, '0000-00-00', 0, 1),
(194, 'vydacha', 0, 3, 64, 1, 0, '', '200.00', 0, 'забрал Владимир Александрович', 0, '2024-12-30', 0, 0, 0, 0, '0000-00-00', 1, 0),
(195, 'vydacha', 0, 3, 64, 1, 0, '', '200.00', 0, 'Выдано Владимиру Александровичу', 0, '2025-01-13', 0, 0, 0, 0, '0000-00-00', 1, 0),
(196, 'vydacha', 0, 3, 64, 1, 0, '', '200.00', 0, '', 0, '2025-01-11', 0, 0, 0, 0, '0000-00-00', 0, 0),
(197, 'vydacha', 0, 3, 64, 4, 5, '', '800.00', 0, 'выставка у сторожей', 0, '2025-01-15', 0, 0, 0, 1, '2025-01-15', 0, 0),
(198, 'vydacha', 0, 3, 41, 1, 0, '', '1800.00', 0, '', 0, '2025-01-15', 1, 0, 0, 0, '0000-00-00', 0, 0),
(199, 'vydacha', 0, 3, 64, 1, 0, '', '200.00', 0, '', 0, '2025-01-15', 1, 0, 0, 0, '0000-00-00', 0, 0),
(200, 'vydacha', 0, 3, 64, 1, 0, '', '0.00', 0, 'Подарок первому покупателю Teboil а', 0, '2025-01-15', 0, 0, 0, 0, '0000-00-00', 1, 0),
(201, 'vydacha', 0, 3, 64, 1, 0, '', '200.00', 0, 'Сдача с продажи масла', 0, '2025-01-15', 1, 0, 0, 0, '0000-00-00', 0, 0),
(202, 'vydacha', 0, 3, 52, 5, 0, '', '2750.00', 0, '', 0, '2025-01-15', 1, 0, 0, 0, '0000-00-00', 0, 0),
(203, 'vydacha', 0, 3, 64, 1, 0, '', '200.00', 0, '', 0, '2025-01-15', 1, 0, 0, 0, '0000-00-00', 0, 0),
(204, 'vydacha', 0, 1, 8, 5, 0, '', '1000.00', 0, 'Счет на оплату №14 от 17 февраля 2025г', 0, '2025-01-16', 0, 1, 14, 0, '0000-00-00', 0, 0),
(205, 'vydacha', 0, 5, 64, 4, 0, '', '800.00', 0, 'С Крещением Сергею Владимировичу', 0, '2025-01-20', 0, 0, 0, 0, '0000-00-00', 1, 0),
(206, 'vydacha', 0, 2, 2, 6, 0, '', '2100.00', 0, '', 0, '2025-01-21', 1, 0, 0, 0, '0000-00-00', 0, 0),
(207, 'vydacha', 0, 3, 64, 1, 0, '', '200.00', 0, '', 0, '2025-01-19', 0, 0, 0, 0, '0000-00-00', 0, 0),
(208, 'priemka', 9, 0, 72, 2, 1, '', '0.00', 0, '', 0, '2025-01-23', 0, 0, 0, 0, '0000-00-00', 0, 0),
(209, 'vydacha', 0, 1, 72, 2, 0, '', '0.00', 0, '', 0, '2025-01-23', 0, 1, 0, 0, '0000-00-00', 0, 0),
(210, 'vydacha', 0, 3, 64, 3, 0, '', '600.00', 0, '', 0, '2025-01-23', 1, 0, 0, 0, '0000-00-00', 0, 0),
(211, 'vydacha', 0, 3, 64, 4, 5, '', '800.00', 0, 'выдано сторожам', 0, '2025-01-24', 0, 0, 0, 1, '2025-01-24', 0, 0),
(212, 'vydacha', 0, 6, 73, 1, 0, '', '0.00', 0, 'Для ремонта КамАза АТП', 0, '2025-01-24', 0, 0, 0, 0, '0000-00-00', 0, 0),
(213, 'priemka', 10, 0, 73, 2, 1, '', '9388.48', 0, 'УП-3544 от 23 января 2025г. Для ремонта КамАз АТП', 0, '2025-01-24', 0, 0, 0, 0, '0000-00-00', 0, 0),
(214, 'priemka', 10, 0, 74, 8, 1, '', '7973.65', 0, 'УП-3544 от 23 января 2025г. Для ремонта КамАза АТП', 0, '2025-01-24', 0, 0, 0, 0, '0000-00-00', 0, 0),
(215, 'vydacha', 0, 6, 74, 8, 0, '', '0.00', 0, 'Для ремонта КамАза АТП', 0, '2025-01-24', 0, 0, 0, 0, '0000-00-00', 0, 0),
(216, 'priemka', 10, 0, 75, 1, 1, '', '1969.63', 0, 'УП-3544 от 23 января 2025г. Для ремонта КамАза АТП', 0, '2025-01-24', 0, 0, 0, 0, '0000-00-00', 0, 0),
(217, 'vydacha', 0, 6, 75, 1, 0, '', '0.00', 0, 'Для ремонта КамАза АТП', 0, '2025-01-24', 0, 0, 0, 0, '0000-00-00', 0, 0),
(218, 'priemka', 10, 0, 76, 1, 1, '', '2463.03', 0, 'УП-3544 от 23 января 2025г. Для ремонта КамАза АТП', 0, '2025-01-24', 0, 0, 0, 0, '0000-00-00', 0, 0),
(219, 'vydacha', 0, 6, 76, 1, 0, '', '0.00', 0, 'Для ремонта КамАза АТП', 0, '2025-01-24', 0, 0, 0, 0, '0000-00-00', 0, 0),
(220, 'vydacha', 0, 1, 23, 1, 0, '', '12480.00', 0, 'Счет на оплату №14 от 17 февраля 2025г', 0, '2025-01-24', 0, 1, 14, 0, '0000-00-00', 0, 0),
(221, 'priemka', 10, 0, 77, 1, 1, '', '0.00', 0, 'Для ремонта КамАза АТП', 0, '2025-01-27', 0, 0, 0, 0, '0000-00-00', 0, 0),
(222, 'vydacha', 0, 1, 77, 1, 0, '', '0.00', 0, 'Для ремонта КамАза АТП', 0, '2025-01-27', 0, 0, 0, 0, '0000-00-00', 0, 1),
(223, 'priemka', 11, 0, 78, 2, 1, '', '0.00', 0, '', 0, '2025-01-27', 0, 0, 0, 0, '0000-00-00', 0, 0),
(224, 'vydacha', 0, 1, 78, 2, 0, '', '560.00', 0, 'Счет на оплату №16 от 31 января 2025г', 0, '2025-01-27', 1, 1, 0, 0, '0000-00-00', 0, 0),
(225, 'priemka', 11, 0, 79, 2, 1, '', '0.00', 0, '', 0, '2025-01-27', 0, 0, 0, 0, '0000-00-00', 0, 0),
(226, 'vydacha', 0, 1, 79, 2, 0, '', '1940.00', 0, 'Счет на оплату №16 от 31 января 2025г', 0, '2025-01-27', 1, 1, 0, 0, '0000-00-00', 0, 0),
(227, 'priemka', 11, 0, 80, 2, 1, '', '0.00', 0, '', 0, '2025-01-27', 0, 0, 0, 0, '0000-00-00', 0, 0),
(228, 'vydacha', 0, 1, 80, 2, 0, '', '1940.00', 0, 'Счет на оплату №16 от 31 января 2025г', 0, '2025-01-27', 1, 1, 0, 0, '0000-00-00', 0, 0),
(229, 'priemka', 9, 0, 81, 2, 1, '', '0.00', 0, '', 0, '2025-01-27', 0, 0, 0, 0, '0000-00-00', 0, 0),
(230, 'vydacha', 0, 1, 81, 2, 0, '', '209230.00', 0, 'Счет на оплату №15 от 17 января 2025г', 0, '2025-01-27', 1, 1, 0, 0, '0000-00-00', 0, 0),
(231, 'vydacha', 0, 2, 2, 10, 0, '', '3500.00', 0, '', 0, '2025-01-28', 1, 0, 0, 0, '0000-00-00', 0, 0),
(232, 'vydacha', 0, 1, 7, 2, 0, '', '9000.00', 0, 'Счет на оплату №14 от 17 февраля 2025г', 0, '2025-01-29', 0, 1, 14, 0, '0000-00-00', 0, 0),
(233, 'vydacha', 0, 3, 64, 1, 0, '', '200.00', 0, '', 0, '2025-01-29', 0, 0, 0, 0, '0000-00-00', 0, 0),
(234, 'priemka', 9, 0, 82, 2, 1, '', '0.00', 0, '', 0, '2025-01-29', 0, 0, 0, 0, '0000-00-00', 0, 0),
(235, 'vydacha', 0, 1, 82, 2, 0, '', '15000.00', 0, 'Счет на оплату №16 от 31 января 2025г', 0, '2025-01-29', 1, 1, 16, 0, '0000-00-00', 0, 0),
(236, 'vydacha', 0, 3, 8, 3, 0, '', '540.00', 0, '', 0, '2025-01-30', 1, 0, 0, 0, '0000-00-00', 0, 0),
(237, 'vydacha', 0, 3, 8, 3, 0, '', '540.00', 0, '', 0, '2025-01-30', 0, 0, 0, 0, '0000-00-00', 0, 1),
(238, 'vydacha', 0, 1, 2, 20, 0, '', '7400.00', 0, 'Счет на оплату №14 от 17 февраля 2025г', 0, '2025-01-31', 0, 1, 14, 0, '0000-00-00', 0, 0),
(239, 'vydacha', 0, 1, 4, 10, 0, '', '2000.00', 0, 'Счет на оплату №14 от 17 февраля 2025г', 0, '2025-01-31', 0, 1, 14, 0, '0000-00-00', 0, 0),
(240, 'vydacha', 0, 3, 64, 1, 0, '', '200.00', 0, '', 0, '2025-02-02', 1, 0, 0, 0, '0000-00-00', 0, 0),
(241, 'vydacha', 0, 1, 4, 20, 0, '', '4000.00', 0, 'Счет на оплату №14 от 17 февраля 2025г', 0, '2025-02-03', 0, 1, 14, 0, '0000-00-00', 0, 0),
(242, 'vydacha', 0, 1, 4, 5, 0, '', '1000.00', 0, 'Счет на оплату №14 от 17 февраля 2025г', 0, '2025-02-04', 0, 1, 14, 0, '0000-00-00', 0, 0),
(243, 'vydacha', 0, 3, 64, 1, 0, '', '200.00', 0, '', 0, '2025-02-07', 1, 0, 0, 0, '0000-00-00', 0, 0),
(244, 'vydacha', 0, 2, 2, 20, 0, '', '7000.00', 0, '', 0, '2025-02-10', 1, 0, 0, 0, '0000-00-00', 0, 0),
(245, 'vydacha', 0, 1, 5, 20, 0, '', '6000.00', 0, 'Счет на оплату №14 от 17 февраля 2025г', 0, '2025-02-10', 0, 1, 14, 0, '0000-00-00', 0, 0),
(246, 'vydacha', 0, 2, 2, 15, 0, '', '5250.00', 0, '', 0, '2025-02-11', 1, 0, 0, 0, '0000-00-00', 0, 0),
(247, 'priemka', 9, 0, 83, 4, 1, '', '0.00', 0, 'Счет на оплату № 2327 от 10 февраля 2025 г.', 0, '2025-02-11', 0, 0, 0, 0, '0000-00-00', 0, 0),
(248, 'vydacha', 0, 1, 83, 4, 0, '', '33600.00', 0, 'Счет на оплату №14 от 17 февраля 2025г', 0, '2025-02-11', 0, 1, 14, 0, '0000-00-00', 0, 0),
(249, 'priemka', 9, 0, 84, 2, 1, '', '0.00', 0, 'Счет на оплату № 2327 от 10 февраля 2025 г.', 0, '2025-02-11', 0, 0, 0, 0, '0000-00-00', 0, 0),
(250, 'vydacha', 0, 1, 84, 2, 0, '', '4900.00', 0, 'Счет на оплату №14 от 17 февраля 2025г', 0, '2025-02-11', 0, 1, 14, 0, '0000-00-00', 0, 0),
(251, 'priemka', 10, 0, 85, 1, 1, '', '0.00', 0, '', 0, '2024-11-25', 0, 0, 0, 0, '0000-00-00', 0, 0),
(252, 'vydacha', 0, 1, 85, 1, 0, '', '46740.00', 0, 'Счёт на оплату №8 от 25 ноября 2024г.', 0, '2024-11-25', 1, 1, 8, 0, '0000-00-00', 0, 0),
(253, 'priemka', 12, 0, 86, 1, 1, '', '0.00', 0, '', 0, '2024-12-06', 0, 0, 0, 0, '0000-00-00', 0, 0),
(254, 'vydacha', 0, 1, 86, 1, 0, '', '204500.00', 0, 'Счет на оплату №10 от 06 декабря 2024г.', 0, '2024-12-06', 1, 1, 10, 0, '0000-00-00', 0, 0),
(255, 'priemka', 12, 0, 87, 8, 1, '', '0.00', 0, '', 0, '2024-12-06', 0, 0, 0, 0, '0000-00-00', 0, 0),
(256, 'vydacha', 0, 1, 87, 8, 0, '', '65904.00', 0, 'Счет на оплату №10 от 06 декабря 2024г.', 0, '2024-12-06', 1, 1, 10, 0, '0000-00-00', 0, 0),
(257, 'priemka', 12, 0, 88, 1, 1, '', '1954.47', 0, 'Счет-фактура №45883 от 10 декабря 2024г.', 0, '2024-12-06', 0, 0, 0, 0, '0000-00-00', 0, 0),
(258, 'vydacha', 0, 1, 88, 1, 0, '', '2442.00', 0, 'Счет на оплату №10 от 06 декабря 2024г.', 0, '2024-12-06', 1, 1, 10, 0, '0000-00-00', 0, 0),
(259, 'priemka', 12, 0, 89, 1, 1, '', '2634.33', 0, 'Счет-фактура №45883 от 10 декабря 2024г.', 0, '2024-12-06', 0, 0, 0, 0, '0000-00-00', 0, 0),
(260, 'vydacha', 0, 1, 89, 1, 0, '', '3293.00', 0, 'Счет на оплату №10 от 06 декабря 2024г.', 0, '2024-12-06', 1, 1, 10, 0, '0000-00-00', 0, 0),
(261, 'vydacha', 0, 1, 5, 15, 0, '', '4500.00', 0, 'Счет на оплату №14 от 17 февраля 2025г', 0, '2025-02-13', 0, 1, 14, 0, '0000-00-00', 0, 0),
(262, 'vydacha', 0, 3, 64, 1, 0, '', '200.00', 0, '', 0, '2025-02-13', 1, 0, 0, 0, '0000-00-00', 0, 0),
(263, 'vydacha', 0, 1, 4, 5, 0, '', '1000.00', 0, 'Счет на оплату №14 от 17 февраля 2025г', 0, '2025-02-14', 0, 1, 14, 0, '0000-00-00', 0, 0),
(264, 'vydacha', 0, 3, 41, 1, 0, '', '1800.00', 0, '', 0, '2025-02-18', 1, 0, 0, 0, '0000-00-00', 0, 0),
(265, 'vydacha', 0, 3, 48, 1, 0, '', '1800.00', 0, '', 0, '2025-02-18', 1, 0, 0, 0, '0000-00-00', 0, 0),
(266, 'vydacha', 0, 3, 64, 4, 0, '', '800.00', 0, '', 0, '2025-02-18', 1, 0, 0, 0, '0000-00-00', 0, 0),
(267, 'vydacha', 0, 3, 8, 10, 0, '', '1800.00', 0, '', 0, '2025-02-18', 1, 0, 0, 0, '0000-00-00', 0, 0),
(270, 'vydacha', 0, 1, 0, 1, 0, '', '4000.00', 0, 'Счет на оплату №10 от 06 декабря 2024г.', 0, '2024-12-06', 1, 0, 0, 0, '0000-00-00', 0, 0),
(272, 'vydacha', 0, 1, 0, 1, 0, '', '0.00', 0, '', 0, '2025-02-20', 0, 0, 0, 0, '0000-00-00', 0, 1),
(274, 'vydacha', 0, 1, 0, 1, 0, '', '0.00', 0, '', 0, '2025-02-20', 0, 0, 0, 0, '0000-00-00', 0, 1),
(275, 'priemka', 13, 0, 88, 1, 1, '', '1954.47', 0, '	Счет-фактура №3636 от 18 февраля 2025г.', 0, '2025-02-19', 0, 0, 0, 0, '0000-00-00', 0, 0),
(276, 'vydacha', 0, 1, 88, 1, 0, '', '0.00', 0, '', 0, '2025-02-20', 0, 0, 0, 0, '0000-00-00', 0, 1),
(277, 'priemka', 13, 0, 89, 1, 1, '', '2634.33', 0, 'Счет-фактура №3636 от 18 февраля 2025г.', 0, '2025-02-19', 0, 0, 0, 0, '0000-00-00', 0, 0),
(279, 'priemka', 13, 0, 93, 1, 1, '', '188255.00', 0, 'Счет-фактура №3636 от 18 февраля 2025г.', 0, '2025-02-19', 0, 0, 0, 0, '0000-00-00', 0, 0),
(280, 'priemka', 13, 0, 87, 8, 1, '', '55868.40', 0, 'Счет-фактура №3636 от 18 февраля 2025г.', 0, '2025-02-19', 0, 0, 0, 0, '0000-00-00', 0, 0),
(281, 'vydacha', 0, 1, 87, 8, 0, '', '69920.00', 0, 'Счет на оплату №17 от 26 февраля 2025г', 0, '2025-02-19', 0, 1, 17, 0, '0000-00-00', 0, 0),
(282, 'priemka', 13, 0, 94, 2, 1, '', '458.90', 0, 'Счет-фактура №3636 от 18 февраля 2025г.', 0, '2025-02-19', 0, 0, 0, 0, '0000-00-00', 0, 0),
(283, 'priemka', 13, 0, 95, 2, 1, '', '458.90', 0, 'Счет-фактура №3636 от 18 февраля 2025г.', 0, '2025-02-19', 0, 0, 0, 0, '0000-00-00', 0, 0),
(284, 'priemka', 13, 0, 96, 6, 1, '', '180.00', 0, 'Счет-фактура №3636 от 18 февраля 2025г.', 0, '2025-02-19', 0, 0, 0, 0, '0000-00-00', 0, 0),
(285, 'priemka', 7, 0, 97, 12, 1, '', '0.00', 0, 'Счет-фактура № МД-1816 от 12 февраля 2025 г.', 0, '2025-02-19', 0, 0, 0, 0, '0000-00-00', 0, 0),
(286, 'priemka', 7, 0, 98, 12, 1, '', '258.00', 0, 'Счет-фактура № МД-1816 от 12 февраля 2025 г.', 0, '2025-02-19', 0, 0, 0, 0, '0000-00-00', 0, 0),
(287, 'priemka', 7, 0, 99, 24, 1, '', '0.00', 0, 'Счет-фактура № МД-1816 от 12 февраля 2025 г.', 0, '2025-02-19', 0, 0, 0, 0, '0000-00-00', 0, 0),
(288, 'priemka', 7, 0, 100, 24, 1, '', '0.00', 0, 'Счет-фактура № МД-1816 от 12 февраля 2025 г.', 0, '2025-02-19', 0, 0, 0, 0, '0000-00-00', 0, 0),
(289, 'priemka', 7, 0, 101, 48, 1, '', '0.00', 0, 'Счет-фактура № МД-1816 от 12 февраля 2025 г.', 0, '2025-02-19', 0, 0, 0, 0, '0000-00-00', 0, 0),
(290, 'priemka', 7, 0, 102, 12, 1, '', '396.00', 0, 'Счет-фактура № МД-1816 от 12 февраля 2025 г.', 0, '2025-02-19', 0, 0, 0, 0, '0000-00-00', 0, 0),
(291, 'priemka', 7, 0, 0, 12, 1, '', '0.00', 0, '$summa', 0, '2024-01-19', 0, 0, 0, 0, '0000-00-00', 0, 0),
(292, 'priemka', 7, 0, 103, 12, 1, '', '0.00', 0, 'Счет-фактура № МД-1816 от 12 февраля 2025 г.', 0, '2025-02-19', 0, 0, 0, 0, '0000-00-00', 0, 0),
(293, 'priemka', 13, 0, 91, 1, 1, '', '25358.92', 0, 'Счёт-фактура №3701 от 18 февраля 2025г.', 0, '2025-02-19', 0, 0, 0, 0, '0000-00-00', 0, 0),
(294, 'vydacha', 0, 1, 91, 1, 0, '', '30350.00', 0, 'Счет на оплату №19 от 27 февраля 2025г', 0, '2025-02-20', 0, 1, 19, 0, '0000-00-00', 0, 0),
(295, 'priemka', 13, 0, 92, 1, 1, '', '25358.92', 0, 'Счёт-фактура №3701 от 18 февраля 2025г.', 0, '2025-02-19', 0, 0, 0, 0, '0000-00-00', 0, 0),
(296, 'vydacha', 0, 1, 92, 1, 0, '', '30350.00', 0, 'Счет на оплату №19 от 27 февраля 2025г', 0, '2025-02-20', 0, 1, 19, 0, '0000-00-00', 0, 0),
(297, 'vydacha', 0, 1, 93, 1, 0, '', '220000.00', 0, 'Счет на оплату №17 от 26 февраля 2025г', 0, '2025-02-19', 0, 1, 17, 0, '0000-00-00', 0, 0),
(298, 'priemka', 7, 0, 104, 20, 1, '', '2600.00', 0, 'Счет-фактура № МД-1831 от 12 февраля 2025 г.', 0, '2025-02-19', 0, 0, 0, 0, '0000-00-00', 0, 0),
(299, 'priemka', 7, 0, 105, 1, 1, '', '7040.00', 0, 'Счет-фактура № МД-2177 от 18 февраля 2025 г.', 0, '2025-02-19', 0, 0, 0, 0, '0000-00-00', 0, 0),
(300, 'priemka', 7, 0, 106, 1, 1, '', '5450.00', 0, 'Счет-фактура № МД-2177 от 18 февраля 2025 г.', 0, '2025-02-19', 0, 0, 0, 0, '0000-00-00', 0, 0),
(301, 'priemka', 7, 0, 107, 1, 1, '', '19800.00', 0, 'Счет-фактура № МД-2177 от 18 февраля 2025 г.', 0, '2025-02-19', 0, 0, 0, 0, '0000-00-00', 0, 0),
(302, 'vydacha', 0, 1, 107, 1, 0, '', '23760.00', 0, 'Счет на оплату №17 от 26 февраля 2025г', 0, '2025-02-20', 0, 1, 17, 0, '0000-00-00', 0, 0),
(303, 'vydacha', 0, 1, 2, 40, 0, '', '14800.00', 0, 'Счет на оплату №17 от 26 февраля 2025г', 0, '2025-02-20', 0, 1, 17, 0, '0000-00-00', 0, 0),
(304, 'priemka', 7, 0, 109, 20, 1, '', '600.00', 0, 'Счет-фактура № МД-2177 от 18 февраля 2025 г.', 0, '2025-02-19', 0, 0, 0, 0, '0000-00-00', 0, 0),
(305, 'priemka', 7, 0, 111, 12, 1, '', '145.20', 0, 'Счет-фактура № МД-2177 от 18 февраля 2025 г.', 0, '2025-02-19', 0, 0, 0, 0, '0000-00-00', 0, 0),
(306, 'priemka', 7, 0, 112, 4, 1, '', '820.00', 0, 'Счет-фактура № МД-2177 от 18 февраля 2025 г.', 0, '2025-02-19', 0, 0, 0, 0, '0000-00-00', 0, 0),
(307, 'priemka', 7, 0, 113, 20, 1, '', '200.00', 0, 'Счет-фактура № МД-2177 от 18 февраля 2025 г.', 0, '2025-02-19', 0, 0, 0, 0, '0000-00-00', 0, 0),
(308, 'priemka', 7, 0, 114, 3, 1, '', '2520.00', 0, 'Счет-фактура № МД-2228 от 18 февраля 2025 г.', 0, '2025-02-19', 0, 0, 0, 0, '0000-00-00', 0, 0),
(309, 'priemka', 7, 0, 115, 3, 1, '', '1440.00', 0, 'Счет-фактура № МД-2228 от 18 февраля 2025 г.', 0, '2025-02-19', 0, 0, 0, 0, '0000-00-00', 0, 0),
(310, 'priemka', 7, 0, 116, 3, 1, '', '798.00', 0, 'Счет-фактура № МД-2228 от 18 февраля 2025 г.', 0, '2025-02-19', 0, 0, 0, 0, '0000-00-00', 0, 0),
(311, 'priemka', 7, 0, 117, 3, 1, '', '2172.00', 0, 'Счет-фактура № МД-2228 от 18 февраля 2025 г.', 0, '2025-02-19', 0, 0, 0, 0, '0000-00-00', 0, 0),
(312, 'priemka', 7, 0, 118, 3, 1, '', '1395.00', 0, 'Счет-фактура № МД-2228 от 18 февраля 2025 г.', 0, '2025-02-19', 0, 0, 0, 0, '0000-00-00', 0, 0),
(313, 'priemka', 7, 0, 108, 2, 1, '', '55.20', 0, 'Счет-фактура № МД-2177 от 18 февраля 2025 г.', 0, '2025-02-19', 0, 0, 0, 0, '0000-00-00', 0, 0),
(314, 'priemka', 14, 0, 119, 1, 1, '', '18927.00', 0, '2 от 21 февраля 2025г.', 0, '2025-02-21', 0, 0, 0, 0, '0000-00-00', 0, 0),
(315, 'vydacha', 0, 1, 119, 1, 0, '', '0.00', 0, 'Счет на оплату №17 от 21 февраля 2025г', 0, '2025-02-21', 0, 1, 17, 0, '0000-00-00', 0, 1),
(316, 'priemka', 14, 0, 120, 1, 1, '', '19625.00', 0, '2 от 20 февраля 2025г.', 0, '2025-02-21', 0, 0, 0, 0, '0000-00-00', 0, 0),
(317, 'priemka', 15, 0, 121, 1, 1, '', '0.00', 0, '', 0, '2025-02-21', 0, 0, 0, 0, '0000-00-00', 0, 0),
(318, 'vydacha', 0, 7, 121, 1, 0, '', '0.00', 0, '', 0, '2025-02-21', 0, 1, 0, 0, '0000-00-00', 0, 0),
(319, 'priemka', 15, 0, 122, 1, 1, '', '0.00', 0, '', 0, '2025-02-21', 0, 0, 0, 0, '0000-00-00', 0, 0),
(320, 'priemka', 15, 0, 123, 1, 1, '', '0.00', 0, '', 0, '2025-02-21', 0, 0, 0, 0, '0000-00-00', 0, 0),
(321, 'vydacha', 0, 7, 123, 1, 0, '', '0.00', 0, '', 0, '2025-02-21', 0, 1, 0, 0, '0000-00-00', 0, 0),
(322, 'vydacha', 0, 7, 122, 1, 0, '', '0.00', 0, '', 0, '2025-02-21', 0, 1, 0, 0, '0000-00-00', 0, 0),
(323, 'vydacha', 0, 1, 73, 1, 0, '', '5500.00', 0, 'Счет на оплату №17 от 26 февраля 2025г', 0, '2025-02-24', 0, 1, 17, 0, '0000-00-00', 0, 0),
(324, 'vydacha', 0, 1, 88, 1, 0, '', '2442.00', 0, 'Счет на оплату №17 от 26 февраля 2025г', 0, '2025-02-24', 0, 1, 17, 0, '0000-00-00', 0, 0),
(325, 'vydacha', 0, 1, 89, 1, 0, '', '3293.00', 0, 'Счет на оплату №17 от 26 февраля 2025г', 0, '2025-02-24', 0, 1, 17, 0, '0000-00-00', 0, 0),
(326, 'vydacha', 0, 1, 105, 1, 0, '', '13780.00', 0, 'Счет на оплату №17 от 26 февраля 2025г', 0, '2025-02-24', 0, 1, 17, 0, '0000-00-00', 0, 0),
(327, 'vydacha', 0, 1, 106, 1, 0, '', '7300.00', 0, 'Счет на оплату №17 от 26 февраля 2025г', 0, '2025-02-24', 0, 1, 17, 0, '0000-00-00', 0, 0),
(328, 'vydacha', 0, 1, 94, 2, 0, '', '920.00', 0, 'Счет на оплату №17 от 26 февраля 2025г', 0, '2025-02-24', 0, 1, 17, 0, '0000-00-00', 0, 0),
(329, 'vydacha', 0, 1, 95, 2, 0, '', '920.00', 0, 'Счет на оплату №17 от 26 февраля 2025г', 0, '2025-02-24', 0, 1, 17, 0, '0000-00-00', 0, 0),
(330, 'vydacha', 0, 1, 115, 1, 0, '', '960.00', 0, 'Счет на оплату №17 от 26 февраля 2025г', 0, '2025-02-24', 0, 1, 17, 0, '0000-00-00', 0, 0),
(331, 'vydacha', 0, 1, 116, 1, 0, '', '470.00', 0, 'Счет на оплату №17 от 26 февраля 2025г', 0, '2025-02-24', 0, 1, 17, 0, '0000-00-00', 0, 0),
(332, 'vydacha', 0, 1, 114, 1, 0, '', '1330.00', 0, 'Счет на оплату №17 от 26 февраля 2025г', 0, '2025-02-24', 0, 1, 17, 0, '0000-00-00', 0, 0),
(333, 'vydacha', 0, 1, 109, 6, 0, '', '444.00', 0, 'Счет на оплату №18 от 27 февраля 2025г', 0, '2025-02-24', 0, 1, 18, 0, '0000-00-00', 0, 0),
(334, 'vydacha', 0, 1, 113, 8, 0, '', '344.00', 0, 'Счет на оплату №18 от 27 февраля 2025г', 0, '2025-02-24', 0, 1, 18, 0, '0000-00-00', 0, 0),
(335, 'vydacha', 0, 1, 98, 4, 0, '', '268.00', 0, 'Счет на оплату №18 от 27 февраля 2025г', 0, '2025-02-24', 0, 1, 18, 0, '0000-00-00', 0, 0),
(336, 'vydacha', 0, 1, 104, 8, 0, '', '2960.00', 0, 'Счет на оплату №18 от 27 февраля 2025г', 0, '2025-02-24', 0, 1, 18, 0, '0000-00-00', 0, 0),
(337, 'vydacha', 0, 1, 103, 4, 0, '', '0.00', 0, '', 0, '2025-02-24', 0, 1, 0, 0, '0000-00-00', 0, 1),
(338, 'vydacha', 0, 1, 108, 2, 0, '', '130.00', 0, 'Счет на оплату №18 от 27 февраля 2025г', 0, '2025-02-24', 0, 1, 18, 0, '0000-00-00', 0, 0),
(339, 'vydacha', 0, 1, 107, 1, 0, '', '0.00', 0, '', 0, '2025-02-20', 0, 1, 0, 0, '0000-00-00', 0, 1),
(340, 'vydacha', 0, 3, 64, 1, 0, '', '200.00', 0, 'забрал Владимир Александрович', 0, '2025-02-19', 0, 0, 0, 0, '0000-00-00', 1, 0),
(341, 'vydacha', 0, 1, 120, 1, 0, '', '23550.00', 0, 'Счет на оплату №17 от 26 февраля 2025г', 0, '2025-02-25', 0, 1, 17, 0, '0000-00-00', 0, 0),
(342, 'priemka', 16, 0, 124, 2, 1, '', '0.00', 0, '', 0, '2025-02-25', 0, 0, 0, 0, '0000-00-00', 0, 0),
(343, 'priemka', 16, 0, 125, 2, 1, '', '0.00', 0, '', 0, '2025-02-25', 0, 0, 0, 0, '0000-00-00', 0, 0),
(344, 'priemka', 16, 0, 126, 2, 1, '', '0.00', 0, '', 0, '2025-02-25', 0, 0, 0, 0, '0000-00-00', 0, 0),
(345, 'priemka', 16, 0, 127, 2, 1, '', '0.00', 0, '', 0, '2025-02-25', 0, 0, 0, 0, '0000-00-00', 0, 0),
(346, 'priemka', 16, 0, 129, 1, 1, '', '0.00', 0, 'пришел без этикетки', 0, '2025-02-25', 0, 0, 0, 0, '0000-00-00', 0, 0),
(347, 'priemka', 16, 0, 130, 2, 1, '', '0.00', 0, '', 0, '2025-02-25', 0, 0, 0, 0, '0000-00-00', 0, 0),
(348, 'priemka', 16, 0, 131, 2, 1, '', '0.00', 0, '', 0, '2025-02-25', 0, 0, 0, 0, '0000-00-00', 0, 0),
(349, 'priemka', 16, 0, 133, 1, 1, '', '0.00', 0, '', 0, '2025-02-25', 0, 0, 0, 0, '0000-00-00', 0, 0),
(350, 'vydacha', 0, 2, 2, 20, 0, '', '7000.00', 0, '', 0, '2025-02-26', 1, 0, 0, 0, '0000-00-00', 0, 0),
(351, 'vydacha', 0, 2, 8, 10, 0, '', '1800.00', 0, '', 0, '2025-02-26', 1, 0, 0, 0, '0000-00-00', 0, 0),
(352, 'priemka', 17, 0, 134, 4, 1, '', '0.00', 0, '', 0, '2025-02-26', 0, 0, 0, 0, '0000-00-00', 0, 0),
(353, 'vydacha', 0, 1, 134, 4, 0, '', '38400.00', 0, 'Счет на оплату №18 от 27 февраля 2025г', 0, '2025-02-26', 0, 1, 18, 0, '0000-00-00', 0, 0),
(354, 'priemka', 18, 0, 135, 10, 1, '', '3880.00', 0, '', 0, '2025-02-26', 0, 0, 0, 0, '0000-00-00', 0, 0),
(355, 'vydacha', 0, 1, 135, 10, 0, '', '4270.00', 0, 'Счет на оплату №18 от 27 февраля 2025г', 0, '2025-02-26', 0, 1, 18, 0, '0000-00-00', 0, 0),
(356, 'vydacha', 0, 3, 64, 1, 0, '', '200.00', 0, '', 0, '2025-02-27', 1, 0, 0, 0, '0000-00-00', 0, 0),
(357, 'vydacha', 0, 3, 64, 1, 0, '', '200.00', 0, 'Забрал Владимир Александрович', 0, '2025-02-28', 0, 0, 0, 0, '0000-00-00', 1, 0),
(358, 'vydacha', 0, 3, 64, 1, 0, '', '200.00', 0, '', 0, '2025-03-02', 1, 0, 0, 0, '0000-00-00', 0, 0),
(359, 'priemka', 17, 0, 136, 1, 1, '', '0.00', 0, '', 0, '2025-03-03', 0, 0, 0, 0, '0000-00-00', 0, 0),
(360, 'vydacha', 0, 1, 136, 1, 0, '', '0.00', 0, 'Брак', 0, '2025-03-03', 0, 1, 0, 0, '0000-00-00', 0, 0),
(361, 'vydacha', 0, 1, 53, 2, 0, '', '7000.00', 0, 'Счёт на оплату №22 от 7 апреля 2025г. Выдано Дмитрию Владимировичу', 0, '2025-03-03', 0, 1, 22, 0, '0000-00-00', 0, 0),
(362, 'priemka', 17, 0, 137, 2, 1, '', '1280.00', 0, '', 0, '2025-03-03', 0, 0, 0, 0, '0000-00-00', 0, 0),
(363, 'vydacha', 0, 1, 137, 2, 0, '', '1400.00', 0, 'Счет на оплату №20 от 6 марта 2025г', 0, '2025-03-03', 0, 1, 20, 0, '0000-00-00', 0, 0),
(364, 'priemka', 17, 0, 136, 1, 1, '', '0.00', 0, 'обменяли (привели другой к-кт. брак оставили нам)', 0, '2025-03-04', 0, 0, 0, 0, '0000-00-00', 0, 0),
(365, 'vydacha', 0, 1, 136, 1, 0, '', '0.00', 0, 'Отдал  тоже без заклепок', 0, '2025-03-04', 0, 1, 0, 0, '0000-00-00', 0, 1),
(366, 'vydacha', 0, 8, 71, 2, 0, '', '0.00', 0, '', 0, '2025-03-04', 0, 1, 0, 0, '0000-00-00', 0, 0),
(367, 'priemka', 19, 0, 138, 1, 1, '', '0.00', 0, '', 0, '2025-03-04', 0, 0, 0, 0, '0000-00-00', 0, 0),
(368, 'vydacha', 0, 1, 0, 1, 0, '', '0.00', 0, '', 0, '2025-03-04', 0, 1, 0, 0, '0000-00-00', 0, 1),
(369, 'vydacha', 0, 1, 136, 2, 0, '', '9600.00', 0, 'Счет на оплату №20 от 6 марта 2025г', 0, '2025-03-05', 0, 1, 20, 0, '0000-00-00', 0, 0),
(370, 'vydacha', 0, 1, 4, 10, 0, '', '1900.00', 0, 'Счет на оплату №20 от 6 марта 2025г', 0, '2025-03-05', 0, 1, 20, 0, '0000-00-00', 0, 0),
(371, 'vydacha', 0, 1, 52, 35, 0, '', '20300.00', 0, 'Счет на оплату №20 от 6 марта 2025г', 0, '2025-03-05', 0, 1, 20, 0, '0000-00-00', 0, 0),
(372, 'priemka', 20, 0, 139, 2, 1, '', '3180.00', 0, '', 0, '2025-03-05', 0, 0, 0, 0, '0000-00-00', 0, 0),
(373, 'vydacha', 0, 1, 139, 2, 0, '', '3500.00', 0, 'Счет на оплату №20 от 6 марта 2025г', 0, '2025-03-05', 0, 1, 20, 0, '0000-00-00', 0, 0),
(374, 'vydacha', 0, 1, 138, 1, 0, '', '17950.00', 0, 'Счет на оплату №17 от 26 февраля 2025г', 0, '2025-03-04', 0, 1, 17, 0, '0000-00-00', 0, 0),
(375, 'vydacha', 0, 1, 112, 4, 0, '', '0.00', 0, 'Счет на оплату №20 от 6 марта 2025г', 0, '2025-03-06', 0, 1, 20, 0, '0000-00-00', 0, 1),
(376, 'vydacha', 0, 1, 2, 40, 0, '', '14800.00', 0, 'Счёт на оплату №22 от 7 апреля 2025г.', 0, '2025-03-06', 0, 1, 22, 0, '0000-00-00', 0, 0),
(377, 'priemka', 21, 0, 2, 1, 1, '', '0.00', 0, '', 0, '2025-03-07', 0, 0, 0, 0, '0000-00-00', 0, 0),
(378, 'priemka', 21, 0, 140, 1, 1, '', '0.00', 0, '', 0, '2025-03-07', 0, 0, 0, 0, '0000-00-00', 0, 0),
(379, 'vydacha', 0, 1, 53, 1, 0, '', '3500.00', 0, 'Счёт на оплату №22 от 7 апреля 2025г.', 0, '2025-03-07', 0, 1, 22, 0, '0000-00-00', 0, 0),
(380, 'vydacha', 0, 1, 8, 40, 0, '', '8000.00', 0, 'Счёт на оплату №22 от 7 апреля 2025г.', 0, '2025-03-07', 0, 1, 22, 0, '0000-00-00', 0, 0),
(381, 'priemka', 22, 0, 141, 2, 1, '', '0.00', 0, '', 0, '2025-03-11', 0, 0, 0, 0, '0000-00-00', 0, 0),
(382, 'priemka', 23, 0, 142, 2, 1, '', '0.00', 0, '', 0, '2025-03-11', 0, 0, 0, 0, '0000-00-00', 0, 0),
(383, 'vydacha', 0, 9, 142, 2, 0, '', '0.00', 0, '', 0, '2025-03-11', 0, 0, 0, 0, '0000-00-00', 0, 0),
(384, 'vydacha', 0, 1, 2, 5, 0, '', '0.00', 0, 'Выдано для Газели Авторемонта', 0, '2025-03-13', 0, 1, 0, 0, '0000-00-00', 0, 0),
(385, 'vydacha', 0, 1, 2, 5, 0, '', '1850.00', 0, 'Счёт на оплату №22 от 7 апреля 2025г.', 0, '2025-03-14', 0, 1, 22, 0, '0000-00-00', 0, 0),
(386, 'vydacha', 0, 1, 8, 10, 0, '', '2000.00', 0, 'Счёт на оплату №22 от 7 апреля 2025г.', 0, '2025-03-14', 0, 1, 22, 0, '0000-00-00', 0, 0),
(387, 'vydacha', 0, 3, 64, 1, 0, '', '200.00', 0, '', 0, '2025-03-15', 1, 0, 0, 0, '0000-00-00', 0, 0),
(388, 'vydacha', 0, 1, 16, 1, 0, '', '19890.00', 0, 'Счёт №777 из 34385 / заплатили 35 000', 0, '2025-03-17', 0, 1, 777, 0, '0000-00-00', 0, 0),
(389, 'vydacha', 0, 1, 19, 2, 0, '', '8970.00', 0, 'Счёт №777 из 34385 / заплатили 35 000', 0, '2025-03-17', 1, 0, 777, 0, '0000-00-00', 0, 0),
(390, 'vydacha', 0, 1, 27, 1, 0, '', '5525.00', 0, 'Счёт №777 из 34385 / заплатили 35 000', 0, '2025-03-17', 1, 0, 0, 0, '0000-00-00', 0, 0),
(391, 'priemka', 24, 0, 143, 4, 1, '', '0.00', 0, '', 0, '2025-03-18', 0, 0, 0, 0, '0000-00-00', 0, 0),
(392, 'vydacha', 0, 8, 70, 40, 0, '', '14400.00', 0, 'Счет на оплату №2 от 18 марта 2025г.', 0, '2025-03-19', 0, 1, 0, 0, '0000-00-00', 0, 0),
(393, 'priemka', 25, 0, 144, 2, 1, '', '0.00', 0, '', 0, '2025-03-20', 0, 0, 0, 0, '0000-00-00', 0, 0),
(394, 'priemka', 25, 0, 145, 2, 1, '', '0.00', 0, '', 0, '2025-03-20', 0, 0, 0, 0, '0000-00-00', 0, 0),
(395, 'priemka', 17, 0, 146, 2, 1, '', '0.00', 0, '', 0, '2025-03-21', 0, 0, 0, 0, '0000-00-00', 0, 0),
(396, 'vydacha', 0, 1, 146, 2, 0, '', '1400.00', 0, 'Счёт на оплату №21 от 27 марта 2025г.', 0, '2025-03-21', 0, 1, 21, 0, '0000-00-00', 0, 0),
(397, 'priemka', 17, 0, 136, 2, 1, '', '0.00', 0, '', 0, '2025-03-21', 0, 0, 0, 0, '0000-00-00', 0, 0),
(398, 'vydacha', 0, 1, 136, 2, 0, '', '9600.00', 0, 'Счёт на оплату №21 от 27 марта 2025г.', 0, '2025-03-21', 0, 1, 21, 0, '0000-00-00', 0, 0),
(399, 'vydacha', 0, 1, 2, 25, 0, '', '0.00', 0, '21-го перевод на карту от ДВ', 0, '2025-03-21', 1, 0, 0, 0, '0000-00-00', 0, 0),
(400, 'vydacha', 0, 1, 4, 20, 0, '', '0.00', 0, '21-го перевод на карту от ДВ', 0, '2025-03-21', 1, 0, 0, 0, '0000-00-00', 0, 0),
(401, 'vydacha', 0, 1, 8, 5, 0, '', '0.00', 0, '21-го перевод на карту от ДВ', 0, '2025-03-21', 1, 0, 0, 0, '0000-00-00', 0, 0),
(402, 'priemka', 20, 0, 147, 3, 1, '', '0.00', 0, '', 0, '2025-03-24', 0, 0, 0, 0, '0000-00-00', 0, 0),
(403, 'vydacha', 0, 9, 147, 3, 0, '', '0.00', 0, 'Для ремонта Газели', 0, '2025-03-24', 0, 0, 0, 0, '0000-00-00', 0, 0),
(404, 'vydacha', 0, 9, 147, 3, 0, '', '0.00', 0, 'Для ремонта Газели', 0, '2025-03-24', 0, 0, 0, 0, '0000-00-00', 0, 0),
(405, 'priemka', 25, 0, 148, 1, 1, '', '0.00', 0, '', 0, '2025-03-24', 0, 0, 0, 0, '0000-00-00', 0, 0),
(406, 'vydacha', 0, 9, 148, 1, 0, '', '0.00', 0, 'Выдано на ремонт Газели', 0, '2025-03-24', 0, 0, 0, 0, '0000-00-00', 0, 0),
(407, 'vydacha', 0, 1, 2, 5, 0, '', '1850.00', 0, 'Счёт на оплату №22 от 7 апреля 2025г.', 0, '2025-03-25', 0, 1, 22, 0, '0000-00-00', 0, 0),
(408, 'priemka', 20, 0, 149, 1, 1, '', '0.00', 0, '', 0, '2025-03-25', 0, 0, 0, 0, '0000-00-00', 0, 0);
INSERT INTO `maslosklad` (`id`, `sign_of_calculation`, `suppliers_id`, `buyers_id`, `property_id`, `count`, `place_id`, `purpose`, `summa`, `output`, `comment`, `confirm`, `date_operations`, `status`, `type_pay`, `invoice_number`, `relocation`, `date_operations_relocation`, `write_off`, `is_deleted`) VALUES
(409, 'vydacha', 0, 9, 149, 1, 0, '', '0.00', 0, 'Для ремонта Газели', 0, '2025-03-25', 0, 1, 0, 0, '0000-00-00', 0, 0),
(410, 'priemka', 20, 0, 150, 1, 1, '', '0.00', 0, '', 0, '2025-03-25', 0, 0, 0, 0, '0000-00-00', 0, 0),
(411, 'vydacha', 0, 9, 150, 1, 0, '', '0.00', 0, 'Для ремонта Газели', 0, '2025-03-25', 0, 1, 0, 0, '0000-00-00', 0, 0),
(412, 'priemka', 26, 0, 151, 3, 1, '', '0.00', 0, '', 0, '2025-03-25', 0, 0, 0, 0, '0000-00-00', 0, 0),
(413, 'vydacha', 0, 9, 151, 1, 0, '', '0.00', 0, 'Для производства', 0, '2025-03-25', 0, 1, 0, 0, '0000-00-00', 0, 0),
(414, 'priemka', 25, 0, 152, 1, 1, '', '0.00', 0, 'Не подошло для ремонта', 0, '2025-03-25', 0, 0, 0, 0, '0000-00-00', 0, 0),
(415, 'priemka', 25, 0, 153, 1, 1, '', '0.00', 0, 'Не подошло для ремонта', 0, '2025-03-25', 0, 0, 0, 0, '0000-00-00', 0, 0),
(416, 'priemka', 25, 0, 154, 1, 1, '', '0.00', 0, '', 0, '2025-03-25', 0, 0, 0, 0, '0000-00-00', 0, 0),
(417, 'vydacha', 0, 9, 154, 1, 0, '', '0.00', 0, 'Выдано на ремонт Газели', 0, '2025-03-25', 1, 0, 0, 0, '0000-00-00', 0, 0),
(418, 'priemka', 26, 0, 155, 2, 1, '', '0.00', 0, '', 0, '2025-03-25', 0, 0, 0, 0, '0000-00-00', 0, 0),
(419, 'vydacha', 0, 9, 155, 2, 0, '', '0.00', 0, 'Для ремонта Газели', 0, '2025-03-25', 0, 1, 0, 0, '0000-00-00', 0, 0),
(420, 'priemka', 17, 0, 156, 1, 1, '', '0.00', 0, '', 0, '2025-03-25', 0, 0, 0, 0, '0000-00-00', 0, 0),
(421, 'vydacha', 0, 1, 156, 1, 0, '', '76000.00', 0, 'бульбаш транзит', 0, '2025-03-25', 1, 0, 0, 0, '0000-00-00', 0, 0),
(422, 'priemka', 17, 0, 157, 10, 1, '', '0.00', 0, '', 0, '2025-03-25', 0, 0, 0, 0, '0000-00-00', 0, 0),
(423, 'vydacha', 0, 1, 157, 10, 0, '', '0.00', 0, 'бульбаш транзит', 0, '2025-03-25', 1, 0, 0, 0, '0000-00-00', 0, 0),
(424, 'priemka', 17, 0, 159, 10, 1, '', '0.00', 0, '', 0, '2025-03-25', 0, 0, 0, 0, '0000-00-00', 0, 0),
(425, 'vydacha', 0, 1, 159, 10, 0, '', '0.00', 0, '', 0, '2025-03-25', 0, 1, 0, 0, '0000-00-00', 0, 1),
(426, 'vydacha', 0, 1, 159, 10, 0, '', '0.00', 0, 'бульбаш транзит', 0, '2025-03-25', 1, 0, 0, 0, '0000-00-00', 0, 0),
(427, 'priemka', 27, 0, 160, 1, 1, '', '0.00', 0, '', 0, '2025-03-26', 0, 0, 0, 0, '0000-00-00', 0, 0),
(428, 'vydacha', 0, 1, 160, 1, 0, '', '4700.00', 0, 'Счёт на оплату №21 от 27 марта 2025г.', 0, '2025-03-26', 0, 1, 21, 0, '0000-00-00', 0, 0),
(429, 'priemka', 27, 0, 161, 1, 1, '', '0.00', 0, '', 0, '2025-03-26', 0, 0, 0, 0, '0000-00-00', 0, 0),
(430, 'vydacha', 0, 1, 161, 1, 0, '', '4700.00', 0, 'Счёт на оплату №21 от 27 марта 2025г.', 0, '2025-03-26', 0, 1, 21, 0, '0000-00-00', 0, 0),
(431, 'priemka', 27, 0, 162, 4, 1, '', '0.00', 0, '', 0, '2025-03-26', 0, 0, 0, 0, '0000-00-00', 0, 0),
(432, 'vydacha', 0, 1, 162, 4, 0, '', '13200.00', 0, 'Счёт на оплату №21 от 27 марта 2025г.', 0, '2025-03-26', 0, 1, 21, 0, '0000-00-00', 0, 0),
(433, 'vydacha', 0, 1, 162, 4, 0, '', '0.00', 0, '', 0, '2025-03-26', 0, 1, 0, 0, '0000-00-00', 0, 1),
(434, 'priemka', 27, 0, 163, 4, 1, '', '0.00', 0, '', 0, '2025-03-26', 0, 0, 0, 0, '0000-00-00', 0, 0),
(435, 'vydacha', 0, 1, 163, 4, 0, '', '80.00', 0, 'Счёт на оплату №21 от 27 марта 2025г.', 0, '2025-03-26', 0, 1, 21, 0, '0000-00-00', 0, 0),
(436, 'priemka', 27, 0, 164, 4, 1, '', '0.00', 0, '', 0, '2025-03-26', 0, 0, 0, 0, '0000-00-00', 0, 0),
(437, 'vydacha', 0, 1, 164, 4, 0, '', '140.00', 0, 'Счёт на оплату №21 от 27 марта 2025г.', 0, '2025-03-26', 0, 1, 21, 0, '0000-00-00', 0, 0),
(438, 'priemka', 27, 0, 165, 1, 1, '', '0.00', 0, '', 0, '2025-03-26', 0, 0, 0, 0, '0000-00-00', 0, 0),
(439, 'vydacha', 0, 1, 165, 1, 0, '', '45.00', 0, 'Счёт на оплату №21 от 27 марта 2025г.', 0, '2025-03-26', 0, 1, 21, 0, '0000-00-00', 0, 0),
(440, 'priemka', 27, 0, 166, 2, 1, '', '0.00', 0, '', 0, '2025-03-26', 0, 0, 0, 0, '0000-00-00', 0, 0),
(441, 'vydacha', 0, 1, 166, 2, 0, '', '170.00', 0, 'Счёт на оплату №21 от 27 марта 2025г.', 0, '2025-03-26', 0, 1, 21, 0, '0000-00-00', 0, 0),
(442, 'priemka', 27, 0, 167, 2, 1, '', '0.00', 0, '', 0, '2025-03-26', 0, 0, 0, 0, '0000-00-00', 0, 0),
(443, 'vydacha', 0, 1, 167, 2, 0, '', '170.00', 0, 'Счёт на оплату №21 от 27 марта 2025г.', 0, '2025-03-26', 0, 1, 21, 0, '0000-00-00', 0, 0),
(444, 'priemka', 27, 0, 168, 1, 1, '', '0.00', 0, '', 0, '2025-03-26', 0, 0, 0, 0, '0000-00-00', 0, 0),
(445, 'vydacha', 0, 1, 168, 1, 0, '', '60.00', 0, 'Счёт на оплату №21 от 27 марта 2025г.', 0, '2025-03-26', 0, 1, 21, 0, '0000-00-00', 0, 0),
(446, 'priemka', 27, 0, 169, 1, 1, '', '0.00', 0, '', 0, '2025-03-26', 0, 0, 0, 0, '0000-00-00', 0, 0),
(447, 'vydacha', 0, 1, 169, 1, 0, '', '43700.00', 0, 'Счёт на оплату №21 от 27 марта 2025г.', 0, '2025-03-26', 0, 1, 21, 0, '0000-00-00', 0, 0),
(448, 'priemka', 27, 0, 170, 6, 1, '', '0.00', 0, '', 0, '2025-03-26', 0, 0, 0, 0, '0000-00-00', 0, 0),
(449, 'vydacha', 0, 1, 170, 6, 0, '', '288.00', 0, 'Счёт на оплату №21 от 27 марта 2025г.', 0, '2025-03-26', 0, 1, 21, 0, '0000-00-00', 0, 0),
(450, 'priemka', 27, 0, 171, 3, 1, '', '0.00', 0, '', 0, '2025-03-26', 0, 0, 0, 0, '0000-00-00', 0, 0),
(451, 'vydacha', 0, 1, 171, 3, 0, '', '405.00', 0, 'Счёт на оплату №21 от 27 марта 2025г.', 0, '2025-03-26', 0, 1, 21, 0, '0000-00-00', 0, 0),
(452, 'priemka', 27, 0, 172, 3, 1, '', '0.00', 0, '', 0, '2025-03-26', 0, 0, 0, 0, '0000-00-00', 0, 0),
(453, 'vydacha', 0, 1, 172, 3, 0, '', '405.00', 0, 'Счёт на оплату №21 от 27 марта 2025г.', 0, '2025-03-26', 0, 1, 21, 0, '0000-00-00', 0, 0),
(454, 'priemka', 27, 0, 173, 1, 1, '', '0.00', 0, '', 0, '2025-03-26', 0, 0, 0, 0, '0000-00-00', 0, 0),
(455, 'vydacha', 0, 1, 173, 1, 0, '', '7450.00', 0, 'Счёт на оплату №21 от 27 марта 2025г.', 0, '2025-03-26', 0, 1, 21, 0, '0000-00-00', 0, 0),
(456, 'priemka', 27, 0, 174, 1, 1, '', '0.00', 0, '', 0, '2025-03-26', 0, 0, 0, 0, '0000-00-00', 0, 0),
(457, 'vydacha', 0, 1, 174, 1, 0, '', '7450.00', 0, 'Счёт на оплату №21 от 27 марта 2025г.', 0, '2025-03-26', 0, 1, 21, 0, '0000-00-00', 0, 0),
(458, 'priemka', 27, 0, 175, 4, 1, '', '0.00', 0, '', 0, '2025-03-26', 0, 0, 0, 0, '0000-00-00', 0, 0),
(459, 'vydacha', 0, 1, 175, 4, 0, '', '6700.00', 0, 'Счёт на оплату №21 от 27 марта 2025г.', 0, '2025-03-26', 0, 1, 21, 0, '0000-00-00', 0, 0),
(460, 'priemka', 27, 0, 176, 1, 1, '', '0.00', 0, '', 0, '2025-03-26', 0, 0, 0, 0, '0000-00-00', 0, 0),
(461, 'vydacha', 0, 1, 176, 1, 0, '', '6200.00', 0, 'Счёт на оплату №21 от 27 марта 2025г.', 0, '2025-03-26', 0, 1, 21, 0, '0000-00-00', 0, 0),
(462, 'priemka', 27, 0, 177, 1, 1, '', '0.00', 0, '', 0, '2025-03-26', 0, 0, 0, 0, '0000-00-00', 0, 0),
(463, 'vydacha', 0, 1, 177, 1, 0, '', '6200.00', 0, 'Счёт на оплату №21 от 27 марта 2025г.', 0, '2025-03-26', 0, 1, 21, 0, '0000-00-00', 0, 0),
(464, 'priemka', 27, 0, 178, 4, 1, '', '0.00', 0, '', 0, '2025-03-26', 0, 0, 0, 0, '0000-00-00', 0, 0),
(465, 'vydacha', 0, 1, 178, 4, 0, '', '2780.00', 0, 'Счёт на оплату №21 от 27 марта 2025г.', 0, '2025-03-26', 0, 1, 21, 0, '0000-00-00', 0, 0),
(466, 'priemka', 27, 0, 179, 1, 1, '', '0.00', 0, '', 0, '2025-03-26', 0, 0, 0, 0, '0000-00-00', 0, 0),
(467, 'vydacha', 0, 1, 179, 1, 0, '', '4600.00', 0, 'Счёт на оплату №21 от 27 марта 2025г.', 0, '2025-03-26', 0, 1, 21, 0, '0000-00-00', 0, 0),
(468, 'priemka', 27, 0, 180, 1, 1, '', '0.00', 0, '', 0, '2025-03-26', 0, 0, 0, 0, '0000-00-00', 0, 0),
(469, 'vydacha', 0, 1, 180, 1, 0, '', '4600.00', 0, 'Счёт на оплату №21 от 27 марта 2025г.', 0, '2025-03-26', 0, 1, 21, 0, '0000-00-00', 0, 0),
(470, 'priemka', 27, 0, 181, 1, 1, '', '0.00', 0, '', 0, '2025-03-26', 0, 0, 0, 0, '0000-00-00', 0, 0),
(471, 'vydacha', 0, 1, 181, 1, 0, '', '680.00', 0, 'Счёт на оплату №21 от 27 марта 2025г.', 0, '2025-03-26', 0, 1, 21, 0, '0000-00-00', 0, 0),
(472, 'priemka', 27, 0, 182, 4, 1, '', '0.00', 0, '', 0, '2025-03-26', 0, 0, 0, 0, '0000-00-00', 0, 0),
(473, 'vydacha', 0, 1, 182, 4, 0, '', '20000.00', 0, 'Счёт на оплату №21 от 27 марта 2025г.', 0, '2025-03-26', 0, 1, 21, 0, '0000-00-00', 0, 0),
(474, 'priemka', 27, 0, 183, 1, 1, '', '0.00', 0, '', 0, '2025-03-26', 0, 0, 0, 0, '0000-00-00', 0, 0),
(475, 'vydacha', 0, 1, 183, 1, 0, '', '7100.00', 0, 'Счёт на оплату №21 от 27 марта 2025г.', 0, '2025-03-26', 0, 1, 21, 0, '0000-00-00', 0, 0),
(476, 'priemka', 27, 0, 184, 1, 1, '', '0.00', 0, '', 0, '2025-03-26', 0, 0, 0, 0, '0000-00-00', 0, 0),
(477, 'vydacha', 0, 1, 184, 1, 0, '', '7100.00', 0, 'Счёт на оплату №21 от 27 марта 2025г.', 0, '2025-03-26', 0, 1, 21, 0, '0000-00-00', 0, 0),
(478, 'priemka', 27, 0, 185, 2, 1, '', '0.00', 0, '', 0, '2025-03-26', 0, 0, 0, 0, '0000-00-00', 0, 0),
(479, 'vydacha', 0, 1, 185, 2, 0, '', '760.00', 0, 'Счёт на оплату №21 от 27 марта 2025г.', 0, '2025-03-26', 0, 1, 21, 0, '0000-00-00', 0, 0),
(480, 'priemka', 27, 0, 186, 4, 1, '', '0.00', 0, '', 0, '2025-03-26', 0, 0, 0, 0, '0000-00-00', 0, 0),
(481, 'vydacha', 0, 1, 186, 4, 0, '', '1920.00', 0, 'Счёт на оплату №21 от 27 марта 2025г.', 0, '2025-03-26', 0, 1, 21, 0, '0000-00-00', 0, 0),
(482, 'priemka', 27, 0, 187, 4, 1, '', '0.00', 0, '', 0, '2025-03-26', 0, 0, 0, 0, '0000-00-00', 0, 0),
(483, 'vydacha', 0, 1, 187, 4, 0, '', '3320.00', 0, 'Счёт на оплату №21 от 27 марта 2025г.', 0, '2025-03-26', 0, 1, 21, 0, '0000-00-00', 0, 0),
(484, 'priemka', 27, 0, 188, 4, 1, '', '0.00', 0, '', 0, '2025-03-26', 0, 0, 0, 0, '0000-00-00', 0, 0),
(485, 'vydacha', 0, 1, 188, 4, 0, '', '192.00', 0, 'Счёт на оплату №21 от 27 марта 2025г.', 0, '2025-03-26', 0, 1, 21, 0, '0000-00-00', 0, 0),
(486, 'priemka', 17, 0, 136, 1, 1, '', '0.00', 0, '', 0, '2025-03-26', 0, 0, 0, 0, '0000-00-00', 0, 0),
(487, 'vydacha', 0, 1, 136, 1, 0, '', '4450.00', 0, 'Счёт на оплату №21 от 27 марта 2025г.', 0, '2025-03-26', 0, 1, 21, 0, '0000-00-00', 0, 0),
(488, 'priemka', 17, 0, 146, 1, 1, '', '0.00', 0, '', 0, '2025-03-26', 0, 0, 0, 0, '0000-00-00', 0, 0),
(489, 'vydacha', 0, 1, 146, 1, 0, '', '700.00', 0, 'Счёт на оплату №21 от 27 марта 2025г.', 0, '2025-03-26', 0, 1, 21, 0, '0000-00-00', 0, 0),
(490, 'vydacha', 0, 3, 2, 5, 0, '', '0.00', 0, 'Выдано Замкину Андрею', 0, '2025-03-27', 0, 0, 0, 0, '0000-00-00', 1, 0),
(491, 'vydacha', 0, 1, 4, 15, 0, '', '3000.00', 0, 'Счёт на оплату №22 от 7 апреля 2025г.', 0, '2025-03-27', 0, 1, 22, 0, '0000-00-00', 0, 0),
(492, 'vydacha', 0, 1, 4, 10, 0, '', '2000.00', 0, 'Счёт на оплату №22 от 7 апреля 2025г.', 0, '2025-03-28', 0, 1, 22, 0, '0000-00-00', 0, 0),
(493, 'vydacha', 0, 3, 64, 1, 0, '', '200.00', 0, '', 0, '2025-03-30', 1, 0, 0, 0, '0000-00-00', 0, 0),
(494, 'vydacha', 0, 1, 8, 10, 0, '', '2000.00', 0, 'Счёт на оплату №22 от 7 апреля 2025г.', 0, '2025-03-31', 0, 1, 22, 0, '0000-00-00', 0, 0),
(495, 'priemka', 10, 0, 190, 4, 1, '', '0.00', 0, '', 0, '2025-03-31', 0, 0, 0, 0, '0000-00-00', 0, 0),
(496, 'priemka', 17, 0, 191, 1, 1, '', '0.00', 0, '', 0, '2025-04-01', 0, 0, 0, 0, '0000-00-00', 0, 0),
(497, 'vydacha', 0, 1, 191, 1, 0, '', '4450.00', 0, 'Счёт на оплату №23 от 7 апреля 2025г.', 0, '2025-04-01', 0, 1, 23, 0, '0000-00-00', 0, 0),
(498, 'priemka', 17, 0, 136, 2, 1, '', '0.00', 0, '', 0, '2025-04-01', 0, 0, 0, 0, '0000-00-00', 0, 0),
(499, 'vydacha', 0, 1, 136, 2, 0, '', '9600.00', 0, 'Счёт на оплату №23 от 7 апреля 2025г.', 0, '2025-04-01', 0, 1, 23, 0, '0000-00-00', 0, 0),
(500, 'priemka', 17, 0, 146, 3, 1, '', '0.00', 0, '', 0, '2025-04-01', 0, 0, 0, 0, '0000-00-00', 0, 0),
(501, 'vydacha', 0, 1, 146, 3, 0, '', '2100.00', 0, 'Счёт на оплату №23 от 7 апреля 2025г.', 0, '2025-04-01', 0, 1, 23, 0, '0000-00-00', 0, 0),
(502, 'vydacha', 0, 1, 8, 10, 0, '', '2000.00', 0, 'Счёт на оплату №22 от 7 апреля 2025г.', 0, '2025-04-02', 0, 1, 22, 0, '0000-00-00', 0, 0),
(503, 'priemka', 28, 0, 192, 1, 1, '', '0.00', 0, '', 0, '2025-04-03', 0, 0, 0, 0, '0000-00-00', 0, 0),
(504, 'vydacha', 0, 1, 192, 1, 0, '', '0.00', 0, 'Манипулятор камаз', 0, '2025-04-03', 1, 0, 0, 0, '0000-00-00', 0, 0),
(505, 'vydacha', 0, 1, 2, 40, 0, '', '0.00', 0, 'Манипулятор камаз', 0, '2025-04-04', 1, 0, 0, 0, '0000-00-00', 0, 0),
(506, 'priemka', 25, 0, 193, 1, 1, '', '0.00', 0, '', 0, '2025-04-04', 0, 0, 0, 0, '0000-00-00', 0, 0),
(507, 'vydacha', 0, 1, 53, 1, 0, '', '3500.00', 0, 'Счёт на оплату №22 от 7 апреля 2025г.', 0, '2025-04-07', 0, 1, 22, 0, '0000-00-00', 0, 0),
(508, 'priemka', 29, 0, 194, 2, 1, '', '0.00', 0, '', 0, '2025-04-07', 0, 0, 0, 0, '0000-00-00', 0, 0),
(509, 'priemka', 29, 0, 195, 1, 1, '', '0.00', 0, '', 0, '2025-04-07', 0, 0, 0, 0, '0000-00-00', 0, 0),
(510, 'priemka', 29, 0, 196, 1, 1, '', '0.00', 0, '', 0, '2025-04-07', 0, 0, 0, 0, '0000-00-00', 0, 0),
(511, 'vydacha', 0, 1, 197, 1, 0, '', '2200.00', 0, 'Счёт на оплату №24 от 7 апреля 2025г.', 0, '2025-04-07', 0, 1, 24, 0, '0000-00-00', 0, 0),
(512, 'priemka', 29, 0, 198, 1, 1, '', '0.00', 0, '', 0, '2025-04-07', 0, 0, 0, 0, '0000-00-00', 0, 0),
(513, 'vydacha', 0, 1, 198, 1, 0, '', '2200.00', 0, 'Счёт на оплату №24 от 7 апреля 2025г.', 0, '2025-04-07', 0, 1, 24, 0, '0000-00-00', 0, 0),
(514, 'priemka', 10, 0, 199, 1, 1, '', '0.00', 0, '', 0, '2025-04-07', 0, 0, 0, 0, '0000-00-00', 0, 0),
(515, 'vydacha', 0, 1, 199, 1, 0, '', '920.00', 0, 'Счёт на оплату №24 от 7 апреля 2025г.', 0, '2025-04-07', 0, 1, 24, 0, '0000-00-00', 0, 0),
(516, 'priemka', 10, 0, 200, 1, 1, '', '0.00', 0, '', 0, '2025-04-07', 0, 0, 0, 0, '0000-00-00', 0, 0),
(517, 'vydacha', 0, 1, 200, 1, 0, '', '800.00', 0, 'Счёт на оплату №24 от 7 апреля 2025г.', 0, '2025-04-07', 0, 1, 24, 0, '0000-00-00', 0, 0),
(518, 'priemka', 10, 0, 201, 6, 1, '', '0.00', 0, '', 0, '2025-04-07', 0, 0, 0, 0, '0000-00-00', 0, 0),
(519, 'vydacha', 0, 1, 201, 6, 0, '', '76800.00', 0, 'Счёт на оплату №24 от 7 апреля 2025г.', 0, '2025-04-07', 0, 1, 24, 0, '0000-00-00', 0, 0),
(520, 'priemka', 10, 0, 202, 1, 1, '', '0.00', 0, 'Возврат', 0, '2025-04-07', 0, 0, 0, 0, '0000-00-00', 0, 0),
(521, 'vydacha', 0, 1, 202, 1, 0, '', '0.00', 0, 'ВОЗВРАТ', 0, '2025-04-07', 0, 1, 0, 0, '0000-00-00', 0, 0),
(522, 'priemka', 16, 0, 203, 1, 1, '', '0.00', 0, '', 0, '2025-04-08', 0, 0, 0, 0, '0000-00-00', 0, 0),
(523, 'priemka', 16, 0, 204, 4, 1, '', '0.00', 0, '', 0, '2025-04-08', 0, 0, 0, 0, '0000-00-00', 0, 0),
(524, 'priemka', 16, 0, 205, 1, 1, '', '0.00', 0, '', 0, '2025-04-08', 0, 0, 0, 0, '0000-00-00', 0, 0),
(525, 'priemka', 16, 0, 206, 4, 1, '', '0.00', 0, '', 0, '2025-04-08', 0, 0, 0, 0, '0000-00-00', 0, 0),
(526, 'priemka', 16, 0, 207, 1, 1, '', '0.00', 0, '', 0, '2025-04-08', 0, 0, 0, 0, '0000-00-00', 0, 0),
(527, 'priemka', 16, 0, 208, 2, 1, '', '0.00', 0, '', 0, '2025-04-08', 0, 0, 0, 0, '0000-00-00', 0, 0),
(528, 'priemka', 16, 0, 209, 1, 1, '', '0.00', 0, '', 0, '2025-04-08', 0, 0, 0, 0, '0000-00-00', 0, 0),
(529, 'priemka', 16, 0, 210, 2, 1, '', '0.00', 0, '', 0, '2025-04-08', 0, 0, 0, 0, '0000-00-00', 0, 0),
(530, 'priemka', 16, 0, 211, 1, 1, '', '0.00', 0, '', 0, '2025-04-08', 0, 0, 0, 0, '0000-00-00', 0, 0),
(531, 'priemka', 16, 0, 212, 1, 1, '', '0.00', 0, '', 0, '2025-04-08', 0, 0, 0, 0, '0000-00-00', 0, 0),
(532, 'priemka', 16, 0, 213, 1, 1, '', '0.00', 0, '', 0, '2025-04-08', 0, 0, 0, 0, '0000-00-00', 0, 0),
(533, 'priemka', 16, 0, 214, 2, 1, '', '0.00', 0, '', 0, '2025-04-08', 0, 0, 0, 0, '0000-00-00', 0, 0),
(534, 'priemka', 16, 0, 215, 1, 1, '', '0.00', 0, '', 0, '2025-04-08', 0, 0, 0, 0, '0000-00-00', 0, 0),
(535, 'priemka', 16, 0, 216, 1, 1, '', '0.00', 0, '', 0, '2025-04-08', 0, 0, 0, 0, '0000-00-00', 0, 0),
(536, 'priemka', 16, 0, 217, 2, 1, '', '0.00', 0, '', 0, '2025-04-08', 0, 0, 0, 0, '0000-00-00', 0, 0),
(537, 'priemka', 16, 0, 218, 1, 1, '', '0.00', 0, '', 0, '2025-04-08', 0, 0, 0, 0, '0000-00-00', 0, 0),
(538, 'priemka', 16, 0, 219, 1, 1, '', '0.00', 0, '', 0, '2025-04-08', 0, 0, 0, 0, '0000-00-00', 0, 0),
(539, 'vydacha', 0, 1, 205, 1, 0, '', '1650.00', 0, 'Счёт на оплату №24 от 7 апреля 2025г.', 0, '2025-04-09', 0, 1, 24, 0, '0000-00-00', 0, 0),
(540, 'vydacha', 0, 1, 207, 1, 0, '', '314.00', 0, 'Счёт на оплату №24 от 7 апреля 2025г.', 0, '2025-04-09', 0, 1, 24, 0, '0000-00-00', 0, 0),
(541, 'vydacha', 0, 1, 209, 1, 0, '', '572.00', 0, 'Счёт на оплату №24 от 7 апреля 2025г.', 0, '2025-04-09', 0, 1, 24, 0, '0000-00-00', 0, 0),
(542, 'vydacha', 0, 1, 217, 1, 0, '', '1508.00', 0, 'Счёт на оплату №24 от 7 апреля 2025г. ВОЗВРАТ НА СКЛАД', 0, '2025-04-09', 0, 1, 24, 0, '0000-00-00', 0, 0),
(543, 'vydacha', 0, 1, 219, 1, 0, '', '9797.00', 0, 'Счёт на оплату №24 от 7 апреля 2025г.', 0, '2025-04-09', 0, 1, 24, 0, '0000-00-00', 0, 0),
(544, 'priemka', 30, 0, 221, 12, 1, '', '0.00', 0, '', 0, '2025-04-09', 0, 0, 0, 0, '0000-00-00', 0, 0),
(545, 'vydacha', 0, 9, 221, 12, 0, '', '0.00', 0, 'Для ремонта Газели', 0, '2025-04-09', 0, 0, 0, 0, '0000-00-00', 0, 0),
(546, 'priemka', 30, 0, 222, 12, 1, '', '0.00', 0, '', 0, '2025-04-09', 0, 0, 0, 0, '0000-00-00', 0, 0),
(547, 'vydacha', 0, 9, 222, 12, 0, '', '0.00', 0, 'Для ремонта Газели', 0, '2025-04-09', 0, 0, 0, 0, '0000-00-00', 0, 0),
(548, 'priemka', 20, 0, 223, 1, 1, '', '0.00', 0, '', 0, '2025-04-10', 0, 0, 0, 0, '0000-00-00', 0, 0),
(549, 'vydacha', 0, 1, 223, 1, 0, '', '18021.00', 0, 'Счёт на оплату №24 от 7 апреля 2025г.', 0, '2025-04-10', 0, 1, 24, 0, '0000-00-00', 0, 0),
(550, 'priemka', 20, 0, 224, 1, 1, '', '0.00', 0, '', 0, '2025-04-10', 0, 0, 0, 0, '0000-00-00', 0, 0),
(551, 'vydacha', 0, 1, 224, 1, 0, '', '7321.00', 0, 'Счёт на оплату №24 от 7 апреля 2025г.', 0, '2025-04-10', 0, 1, 24, 0, '0000-00-00', 0, 0),
(552, 'priemka', 20, 0, 225, 4, 1, '', '0.00', 0, '', 0, '2025-04-10', 0, 0, 0, 0, '0000-00-00', 0, 0),
(553, 'vydacha', 0, 1, 225, 4, 0, '', '6600.00', 0, 'Счёт на оплату №24 от 7 апреля 2025г.', 0, '2025-04-10', 0, 1, 24, 0, '0000-00-00', 0, 0),
(554, 'priemka', 20, 0, 226, 1, 1, '', '0.00', 0, '', 0, '2025-04-10', 0, 0, 0, 0, '0000-00-00', 0, 0),
(555, 'vydacha', 0, 1, 226, 1, 0, '', '550.00', 0, 'Счёт на оплату №24 от 7 апреля 2025г.', 0, '2025-04-10', 0, 1, 24, 0, '0000-00-00', 0, 0),
(556, 'priemka', 20, 0, 227, 1, 1, '', '0.00', 0, '', 0, '2025-04-10', 0, 0, 0, 0, '0000-00-00', 0, 1),
(557, 'priemka', 20, 0, 227, 1, 1, '', '0.00', 0, '', 0, '2025-04-10', 0, 0, 0, 0, '0000-00-00', 0, 0),
(558, 'vydacha', 0, 1, 227, 1, 0, '', '316.00', 0, 'Счёт на оплату №24 от 7 апреля 2025г.', 0, '2025-04-10', 0, 1, 24, 0, '0000-00-00', 0, 0),
(559, 'vydacha', 0, 1, 2, 35, 0, '', '13300.00', 0, 'Счёт на оплату №24 от 7 апреля 2025г.', 0, '2025-04-11', 0, 1, 24, 0, '0000-00-00', 0, 0),
(560, 'vydacha', 0, 1, 4, 10, 0, '', '2000.00', 0, 'Счёт на оплату №23 от 7 апреля 2025г.', 0, '2025-04-11', 0, 1, 23, 0, '0000-00-00', 0, 0),
(561, 'vydacha', 0, 1, 20, 1, 0, '', '10800.00', 0, 'Счёт на оплату №24 от 7 апреля 2025г.', 0, '2025-04-11', 0, 1, 24, 0, '0000-00-00', 0, 0),
(562, 'vydacha', 0, 1, 203, 1, 0, '', '525.00', 0, 'Счёт на оплату №24 от 7 апреля 2025г.', 0, '2025-04-11', 0, 1, 24, 0, '0000-00-00', 0, 0),
(563, 'vydacha', 0, 1, 211, 1, 0, '', '1270.00', 0, 'Счёт на оплату №24 от 7 апреля 2025г.', 0, '2025-04-11', 0, 1, 24, 0, '0000-00-00', 0, 0),
(564, 'priemka', 27, 0, 228, 2, 1, '', '0.00', 0, '', 0, '2025-04-08', 0, 0, 0, 0, '0000-00-00', 0, 0),
(565, 'vydacha', 0, 1, 228, 2, 0, '', '8700.00', 0, 'Счет на оплату №23 от 07 апреля 2025г.', 0, '2025-04-08', 0, 1, 23, 0, '0000-00-00', 0, 0),
(566, 'priemka', 27, 0, 229, 1, 1, '', '0.00', 0, '', 0, '2025-04-08', 0, 0, 0, 0, '0000-00-00', 0, 0),
(567, 'vydacha', 0, 1, 229, 1, 0, '', '8470.00', 0, 'Счет на оплату №23 от 07 апреля 2025г.', 0, '2025-04-08', 0, 1, 23, 0, '0000-00-00', 0, 0),
(568, 'priemka', 27, 0, 230, 1, 1, '', '0.00', 0, '', 0, '2025-04-08', 0, 0, 0, 0, '0000-00-00', 0, 0),
(569, 'vydacha', 0, 1, 230, 1, 0, '', '5325.00', 0, 'Счет на оплату №23 от 07 апреля 2025г.', 0, '2025-04-08', 0, 1, 23, 0, '0000-00-00', 0, 0),
(570, 'priemka', 27, 0, 231, 1, 1, '', '0.00', 0, '', 0, '2025-04-08', 0, 0, 0, 0, '0000-00-00', 0, 0),
(571, 'vydacha', 0, 1, 231, 1, 0, '', '620.00', 0, 'Счет на оплату №23 от 07 апреля 2025г.', 0, '2025-04-08', 0, 1, 23, 0, '0000-00-00', 0, 0),
(572, 'priemka', 27, 0, 232, 1, 1, '', '0.00', 0, '', 0, '2025-04-08', 0, 0, 0, 0, '0000-00-00', 0, 0),
(573, 'vydacha', 0, 1, 232, 1, 0, '', '975.00', 0, 'Счет на оплату №23 от 07 апреля 2025г.', 0, '2025-04-08', 0, 1, 23, 0, '0000-00-00', 0, 0),
(574, 'priemka', 27, 0, 233, 2, 1, '', '0.00', 0, '', 0, '2025-04-08', 0, 0, 0, 0, '0000-00-00', 0, 0),
(575, 'vydacha', 0, 1, 233, 2, 0, '', '1550.00', 0, 'Счет на оплату №23 от 07 апреля 2025г.', 0, '2025-04-08', 0, 1, 23, 0, '0000-00-00', 0, 0),
(576, 'priemka', 27, 0, 234, 1, 1, '', '0.00', 0, '', 0, '2025-04-08', 0, 0, 0, 0, '0000-00-00', 0, 0),
(577, 'vydacha', 0, 1, 234, 1, 0, '', '320.00', 0, 'Счет на оплату №23 от 07 апреля 2025г.', 0, '2025-04-08', 0, 1, 23, 0, '0000-00-00', 0, 0),
(578, 'priemka', 27, 0, 235, 4, 1, '', '0.00', 0, '', 0, '2025-04-08', 0, 0, 0, 0, '0000-00-00', 0, 0),
(579, 'vydacha', 0, 1, 235, 4, 0, '', '2980.00', 0, 'Счет на оплату №23 от 07 апреля 2025г.', 0, '2025-04-08', 0, 1, 23, 0, '0000-00-00', 0, 0),
(580, 'priemka', 27, 0, 236, 1, 1, '', '0.00', 0, '', 0, '2025-04-08', 0, 0, 0, 0, '0000-00-00', 0, 0),
(581, 'vydacha', 0, 1, 236, 1, 0, '', '495.00', 0, 'Счет на оплату №23 от 07 апреля 2025г.', 0, '2025-04-08', 0, 1, 23, 0, '0000-00-00', 0, 0),
(582, 'priemka', 27, 0, 237, 2, 1, '', '0.00', 0, '', 0, '2025-04-08', 0, 0, 0, 0, '0000-00-00', 0, 0),
(583, 'vydacha', 0, 1, 237, 2, 0, '', '12650.00', 0, 'Счет на оплату №23 от 07 апреля 2025г.', 0, '2025-04-08', 0, 1, 23, 0, '0000-00-00', 0, 0),
(584, 'priemka', 27, 0, 238, 2, 1, '', '0.00', 0, '', 0, '2025-04-08', 0, 0, 0, 0, '0000-00-00', 0, 0),
(585, 'vydacha', 0, 1, 238, 2, 0, '', '12650.00', 0, 'Счет на оплату №23 от 07 апреля 2025г.', 0, '2025-04-08', 0, 1, 23, 0, '0000-00-00', 0, 0),
(586, 'priemka', 27, 0, 239, 1, 1, '', '0.00', 0, '', 0, '2025-04-08', 0, 0, 0, 0, '0000-00-00', 0, 0),
(587, 'vydacha', 0, 1, 239, 1, 0, '', '4035.00', 0, 'Счет на оплату №23 от 07 апреля 2025г.', 0, '2025-04-08', 0, 1, 23, 0, '0000-00-00', 0, 0),
(588, 'priemka', 27, 0, 240, 1, 1, '', '0.00', 0, '', 0, '2025-04-08', 0, 0, 0, 0, '0000-00-00', 0, 0),
(589, 'vydacha', 0, 1, 240, 1, 0, '', '23750.00', 0, 'Счет на оплату №23 от 07 апреля 2025г.', 0, '2025-04-08', 0, 1, 23, 0, '0000-00-00', 0, 0),
(590, 'priemka', 27, 0, 241, 4, 1, '', '0.00', 0, '', 0, '2025-04-08', 0, 0, 0, 0, '0000-00-00', 0, 0),
(591, 'vydacha', 0, 1, 241, 4, 0, '', '960.00', 0, 'Счет на оплату №23 от 07 апреля 2025г.', 0, '2025-04-08', 0, 1, 23, 0, '0000-00-00', 0, 0),
(592, 'priemka', 27, 0, 242, 3, 1, '', '0.00', 0, '', 0, '2025-04-08', 0, 0, 0, 0, '0000-00-00', 0, 0),
(593, 'vydacha', 0, 1, 242, 3, 0, '', '1755.00', 0, 'Счет на оплату №23 от 07 апреля 2025г.', 0, '2025-04-08', 0, 1, 23, 0, '0000-00-00', 0, 0),
(594, 'priemka', 27, 0, 243, 2, 1, '', '0.00', 0, '', 0, '2025-04-08', 0, 0, 0, 0, '0000-00-00', 0, 0),
(595, 'vydacha', 0, 1, 243, 2, 0, '', '460.00', 0, 'Счет на оплату №23 от 07 апреля 2025г.', 0, '2025-04-08', 0, 1, 23, 0, '0000-00-00', 0, 0),
(596, 'vydacha', 0, 1, 2, 40, 0, '', '15200.00', 0, 'Счет на оплату №23 от 07 апреля 2025г.', 0, '2025-04-14', 0, 1, 23, 0, '0000-00-00', 0, 0),
(597, 'vydacha', 0, 9, 151, 1, 0, '', '0.00', 0, 'Выдано Замкину на ремонт Газели', 0, '2025-04-14', 0, 1, 0, 0, '0000-00-00', 0, 0),
(598, 'vydacha', 0, 9, 151, 1, 0, '', '0.00', 0, 'Выдано Евгению для разборки кабины КамАза', 0, '2025-04-14', 0, 0, 0, 0, '0000-00-00', 0, 0),
(599, 'priemka', 20, 0, 244, 2, 1, '', '0.00', 0, '', 0, '2025-04-14', 0, 0, 0, 0, '0000-00-00', 0, 0),
(600, 'vydacha', 0, 1, 244, 2, 0, '', '3972.00', 0, 'Счет на оплату №23 от 07 апреля 2025г.', 0, '2025-04-14', 0, 1, 23, 0, '0000-00-00', 0, 0),
(601, 'priemka', 20, 0, 245, 2, 1, '', '0.00', 0, '', 0, '2025-04-14', 0, 0, 0, 0, '0000-00-00', 0, 0),
(602, 'vydacha', 0, 1, 245, 2, 0, '', '3960.00', 0, 'Счет на оплату №23 от 07 апреля 2025г.', 0, '2025-04-14', 0, 1, 23, 0, '0000-00-00', 0, 0),
(603, 'priemka', 20, 0, 246, 1, 1, '', '0.00', 0, '', 0, '2025-04-14', 0, 0, 0, 0, '0000-00-00', 0, 0),
(604, 'vydacha', 0, 1, 246, 1, 0, '', '1050.00', 0, 'Счет на оплату №23 от 07 апреля 2025г.', 0, '2025-04-14', 0, 1, 23, 0, '0000-00-00', 0, 0),
(605, 'priemka', 20, 0, 247, 1, 1, '', '0.00', 0, '', 0, '2025-04-14', 0, 0, 0, 0, '0000-00-00', 0, 0),
(606, 'vydacha', 0, 1, 247, 1, 0, '', '5530.00', 0, 'Счет на оплату №23 от 07 апреля 2025г.', 0, '2025-04-14', 0, 1, 23, 0, '0000-00-00', 0, 0),
(607, 'priemka', 20, 0, 248, 1, 1, '', '0.00', 0, '', 0, '2025-04-14', 0, 0, 0, 0, '0000-00-00', 0, 0),
(608, 'vydacha', 0, 1, 248, 1, 0, '', '1570.00', 0, 'Счет на оплату №23 от 07 апреля 2025г.', 0, '2025-04-14', 0, 1, 23, 0, '0000-00-00', 0, 0),
(609, 'priemka', 20, 0, 249, 1, 1, '', '0.00', 0, '', 0, '2025-04-14', 0, 0, 0, 0, '0000-00-00', 0, 0),
(610, 'vydacha', 0, 1, 249, 1, 0, '', '475.00', 0, 'Счет на оплату №23 от 07 апреля 2025г.', 0, '2025-04-14', 0, 1, 23, 0, '0000-00-00', 0, 0),
(611, 'priemka', 15, 0, 250, 1, 1, '', '0.00', 0, '', 0, '2025-04-11', 0, 0, 0, 0, '0000-00-00', 0, 0),
(612, 'vydacha', 0, 3, 250, 1, 0, '', '0.00', 0, 'Выдано Евгению для работы С КамАзом', 0, '2025-04-11', 0, 0, 0, 0, '0000-00-00', 0, 0),
(613, 'priemka', 15, 0, 251, 1, 1, '', '0.00', 0, '', 0, '2025-04-11', 0, 0, 0, 0, '0000-00-00', 0, 0),
(614, 'vydacha', 0, 9, 0, 1, 0, '', '0.00', 0, 'Выдано Евгению для работы С КамАзом', 0, '2025-04-11', 0, 0, 0, 0, '0000-00-00', 0, 0),
(615, 'priemka', 15, 0, 252, 1, 1, '', '0.00', 0, '', 0, '2025-04-15', 0, 0, 0, 0, '0000-00-00', 0, 0),
(616, 'vydacha', 0, 9, 252, 1, 0, '', '0.00', 0, 'Выдано Евгению для работы', 0, '2025-04-16', 0, 0, 0, 0, '0000-00-00', 0, 0),
(617, 'vydacha', 0, 1, 5, 10, 0, '', '3000.00', 0, 'Счет на оплату №27 от 06 мая 2025г.', 0, '2025-04-16', 0, 1, 27, 0, '0000-00-00', 0, 0),
(618, 'priemka', 25, 0, 253, 1, 1, '', '0.00', 0, '', 0, '2025-04-16', 0, 0, 0, 0, '0000-00-00', 0, 0),
(619, 'vydacha', 0, 9, 253, 1, 0, '', '0.00', 0, 'Выдано Замкину для установки рессор на Газель', 0, '2025-04-16', 0, 0, 0, 0, '0000-00-00', 0, 0),
(620, 'priemka', 20, 0, 254, 1, 1, '', '0.00', 0, '', 0, '2025-04-17', 0, 0, 0, 0, '0000-00-00', 0, 0),
(621, 'vydacha', 0, 1, 254, 1, 0, '', '30300.00', 0, 'Счет на оплату №25 от 22 апреля 2025г.', 0, '2025-04-17', 0, 1, 25, 0, '0000-00-00', 0, 0),
(622, 'vydacha', 0, 1, 114, 1, 0, '', '0.00', 0, '', 0, '2025-04-17', 0, 1, 0, 0, '0000-00-00', 0, 1),
(623, 'vydacha', 0, 1, 2, 35, 0, '', '13300.00', 0, 'Счет на оплату №25 от 22 апреля 2025г.', 0, '2025-04-18', 0, 1, 25, 0, '0000-00-00', 0, 0),
(624, 'priemka', 20, 0, 255, 1, 1, '', '0.00', 0, '', 0, '2025-04-17', 0, 0, 0, 0, '0000-00-00', 0, 0),
(625, 'vydacha', 0, 1, 255, 1, 0, '', '240.00', 0, 'Счет на оплату №25 от 22 апреля 2025г.', 0, '2025-04-17', 0, 1, 25, 0, '0000-00-00', 0, 0),
(626, 'priemka', 20, 0, 256, 1, 1, '', '0.00', 0, '', 0, '2025-04-17', 0, 0, 0, 0, '0000-00-00', 0, 0),
(627, 'vydacha', 0, 1, 256, 1, 0, '', '260.00', 0, 'Счет на оплату №25 от 22 апреля 2025г.', 0, '2025-04-17', 0, 1, 25, 0, '0000-00-00', 0, 0),
(628, 'priemka', 20, 0, 257, 1, 1, '', '0.00', 0, '', 0, '2025-04-17', 0, 0, 0, 0, '0000-00-00', 0, 0),
(629, 'vydacha', 0, 1, 257, 1, 0, '', '310.00', 0, 'Счет на оплату №25 от 22 апреля 2025г.', 0, '2025-04-17', 0, 1, 25, 0, '0000-00-00', 0, 0),
(630, 'vydacha', 0, 9, 210, 2, 0, '', '0.00', 0, 'Выдано Замкину на ремонт Газели', 0, '2025-04-21', 0, 1, 0, 0, '0000-00-00', 0, 0),
(631, 'priemka', 20, 0, 258, 1, 1, '', '0.00', 0, '', 0, '2025-04-21', 0, 0, 0, 0, '0000-00-00', 0, 0),
(632, 'vydacha', 0, 9, 258, 1, 0, '', '0.00', 0, 'Выдано Замкину на ремонт Газели', 0, '2025-04-21', 0, 0, 0, 0, '0000-00-00', 0, 0),
(633, 'priemka', 25, 0, 259, 2, 1, '', '0.00', 0, '', 0, '2025-04-21', 0, 0, 0, 0, '0000-00-00', 0, 0),
(634, 'vydacha', 0, 9, 259, 2, 0, '', '0.00', 0, 'Выдано Замкину на ремонт Газели', 0, '2025-04-21', 0, 0, 0, 0, '0000-00-00', 0, 0),
(635, 'vydacha', 0, 1, 5, 15, 0, '', '4500.00', 0, 'Счет на оплату №27 от 06 мая 2025г.', 0, '2025-04-21', 0, 1, 27, 0, '0000-00-00', 0, 0),
(636, 'priemka', 25, 0, 260, 2, 1, '', '0.00', 0, '', 0, '2025-04-22', 0, 0, 0, 0, '0000-00-00', 0, 0),
(637, 'vydacha', 0, 9, 260, 2, 0, '', '0.00', 0, 'Выдано Замкину на ремонт Газели', 0, '2025-04-22', 0, 1, 0, 0, '0000-00-00', 0, 0),
(638, 'priemka', 25, 0, 261, 2, 1, '', '0.00', 0, '', 0, '2025-04-22', 0, 0, 0, 0, '0000-00-00', 0, 0),
(639, 'vydacha', 0, 9, 261, 2, 0, '', '0.00', 0, 'Выдано Замкину на ремонт Газели', 0, '2025-04-22', 0, 0, 0, 0, '0000-00-00', 0, 0),
(640, 'priemka', 25, 0, 262, 1, 1, '', '0.00', 0, '', 0, '2025-04-22', 0, 0, 0, 0, '0000-00-00', 0, 0),
(641, 'vydacha', 0, 9, 262, 1, 0, '', '0.00', 0, 'Выдано Замкину на ремонт Газели', 0, '2025-04-22', 0, 0, 0, 0, '0000-00-00', 0, 0),
(642, 'priemka', 25, 0, 263, 2, 1, '', '0.00', 0, '', 0, '2025-04-22', 0, 0, 0, 0, '0000-00-00', 0, 0),
(643, 'vydacha', 0, 9, 263, 2, 0, '', '0.00', 0, 'Выдано Замкину на ремонт Газели', 0, '2025-04-22', 0, 0, 0, 0, '0000-00-00', 0, 0),
(644, 'priemka', 25, 0, 264, 2, 1, '', '0.00', 0, '', 0, '2025-04-22', 0, 0, 0, 0, '0000-00-00', 0, 0),
(645, 'vydacha', 0, 9, 264, 2, 0, '', '0.00', 0, 'Выдано Замкину на ремонт Газели', 0, '2025-04-22', 0, 1, 0, 0, '0000-00-00', 0, 0),
(646, 'priemka', 25, 0, 265, 1, 1, '', '0.00', 0, '', 0, '2025-04-22', 0, 0, 0, 0, '0000-00-00', 0, 0),
(647, 'vydacha', 0, 9, 265, 1, 0, '', '0.00', 0, 'Выдано Замкину на ремонт Газели', 0, '2025-04-22', 0, 0, 0, 0, '0000-00-00', 0, 0),
(648, 'priemka', 31, 0, 151, 4, 1, '', '0.00', 0, '', 0, '2025-04-23', 0, 0, 0, 0, '0000-00-00', 0, 0),
(649, 'vydacha', 0, 9, 151, 1, 0, '', '0.00', 0, 'Выдано Евгению для разборки КамАза', 0, '2025-04-23', 0, 1, 0, 0, '0000-00-00', 0, 0),
(650, 'priemka', 32, 0, 266, 2, 1, '', '0.00', 0, '', 0, '2025-04-23', 0, 0, 0, 0, '0000-00-00', 0, 0),
(651, 'vydacha', 0, 9, 266, 2, 0, '', '0.00', 0, 'Выдано Замкину на ремонт Газели', 0, '2025-04-23', 0, 0, 0, 0, '0000-00-00', 0, 0),
(652, 'priemka', 32, 0, 267, 1, 1, '', '0.00', 0, '', 0, '2025-04-23', 0, 0, 0, 0, '0000-00-00', 0, 0),
(653, 'vydacha', 0, 9, 267, 1, 0, '', '0.00', 0, 'Выдано Замкину на ремонт Газели', 0, '2025-04-23', 0, 0, 0, 0, '0000-00-00', 0, 0),
(654, 'priemka', 17, 0, 268, 2, 1, '', '0.00', 0, '', 0, '2025-04-23', 0, 0, 0, 0, '0000-00-00', 0, 0),
(655, 'vydacha', 0, 1, 268, 2, 0, '', '5480.00', 0, 'Счет на оплату №26 от 28 апреля 2025г.', 0, '2025-04-23', 0, 1, 26, 0, '0000-00-00', 0, 0),
(656, 'priemka', 0, 0, 269, 24, 1, '', '0.00', 0, '', 0, '2025-04-23', 0, 0, 0, 0, '0000-00-00', 0, 0),
(657, 'vydacha', 0, 1, 269, 24, 0, '', '2304.00', 0, 'Счет на оплату №26 от 28 апреля 2025г.', 0, '2025-04-23', 0, 1, 26, 0, '0000-00-00', 0, 0),
(658, 'priemka', 17, 0, 270, 12, 1, '', '0.00', 0, '', 0, '2025-04-23', 0, 0, 0, 0, '0000-00-00', 0, 0),
(659, 'vydacha', 0, 1, 270, 12, 0, '', '5040.00', 0, 'Счет на оплату №26 от 28 апреля 2025г.', 0, '2025-04-23', 0, 1, 26, 0, '0000-00-00', 0, 0),
(660, 'priemka', 17, 0, 271, 12, 1, '', '0.00', 0, '', 0, '2025-04-23', 0, 0, 0, 0, '0000-00-00', 0, 0),
(661, 'vydacha', 0, 1, 271, 12, 0, '', '5040.00', 0, 'Счет на оплату №26 от 28 апреля 2025г.', 0, '2025-04-23', 0, 1, 26, 0, '0000-00-00', 0, 0),
(662, 'priemka', 17, 0, 272, 4, 1, '', '0.00', 0, '', 0, '2025-04-23', 0, 0, 0, 0, '0000-00-00', 0, 0),
(663, 'vydacha', 0, 1, 272, 4, 0, '', '1536.00', 0, 'Счет на оплату №26 от 28 апреля 2025г.', 0, '2025-04-23', 0, 1, 26, 0, '0000-00-00', 0, 0),
(664, 'priemka', 17, 0, 273, 1, 1, '', '0.00', 0, '', 0, '2025-04-23', 0, 0, 0, 0, '0000-00-00', 0, 0),
(665, 'vydacha', 0, 1, 273, 1, 0, '', '6000.00', 0, 'Счет на оплату №26 от 28 апреля 2025г.', 0, '2025-04-23', 0, 1, 26, 0, '0000-00-00', 0, 0),
(666, 'priemka', 17, 0, 274, 1, 1, '', '0.00', 0, '', 0, '2025-04-23', 0, 0, 0, 0, '0000-00-00', 0, 0),
(667, 'vydacha', 0, 1, 274, 1, 0, '', '2580.00', 0, 'Счет на оплату №26 от 28 апреля 2025г.', 0, '2025-04-23', 0, 1, 26, 0, '0000-00-00', 0, 0),
(668, 'priemka', 17, 0, 275, 4, 1, '', '0.00', 0, '', 0, '2025-04-23', 0, 0, 0, 0, '0000-00-00', 0, 0),
(669, 'vydacha', 0, 1, 275, 4, 0, '', '24000.00', 0, 'Счет на оплату №26 от 28 апреля 2025г.', 0, '2025-04-23', 0, 1, 26, 0, '0000-00-00', 0, 0),
(670, 'priemka', 17, 0, 276, 6, 1, '', '0.00', 0, '', 0, '2025-04-23', 0, 0, 0, 0, '0000-00-00', 0, 0),
(671, 'vydacha', 0, 1, 276, 6, 0, '', '3240.00', 0, 'Счет на оплату №26 от 28 апреля 2025г.', 0, '2025-04-23', 0, 1, 26, 0, '0000-00-00', 0, 0),
(672, 'priemka', 17, 0, 158, 6, 1, '', '0.00', 0, '', 0, '2025-04-23', 0, 0, 0, 0, '0000-00-00', 0, 0),
(673, 'vydacha', 0, 1, 158, 6, 0, '', '2280.00', 0, 'Счет на оплату №26 от 28 апреля 2025г.', 0, '2025-04-23', 0, 1, 26, 0, '0000-00-00', 0, 0),
(674, 'priemka', 17, 0, 277, 2, 1, '', '0.00', 0, '', 0, '2025-04-23', 0, 0, 0, 0, '0000-00-00', 0, 0),
(675, 'vydacha', 0, 1, 277, 2, 0, '', '980.00', 0, 'Счет на оплату №26 от 28 апреля 2025г.', 0, '2025-04-23', 0, 1, 26, 0, '0000-00-00', 0, 0),
(676, 'priemka', 17, 0, 278, 6, 1, '', '0.00', 0, '', 0, '2025-04-23', 0, 0, 0, 0, '0000-00-00', 0, 0),
(677, 'vydacha', 0, 1, 278, 6, 0, '', '1140.00', 0, 'Счет на оплату №26 от 28 апреля 2025г.', 0, '2025-04-23', 0, 1, 26, 0, '0000-00-00', 0, 0),
(678, 'priemka', 17, 0, 279, 6, 1, '', '0.00', 0, '', 0, '2025-04-23', 0, 0, 0, 0, '0000-00-00', 0, 0),
(679, 'vydacha', 0, 1, 279, 6, 0, '', '180.00', 0, 'Счет на оплату №26 от 28 апреля 2025г.', 0, '2025-04-23', 0, 1, 26, 0, '0000-00-00', 0, 0),
(680, 'priemka', 33, 0, 280, 30, 1, '', '0.00', 0, '', 0, '2025-04-25', 0, 0, 0, 0, '0000-00-00', 0, 0),
(681, 'vydacha', 0, 9, 280, 30, 0, '', '0.00', 0, 'Выдано на пескоструйное оборудование', 0, '2025-04-25', 0, 0, 0, 0, '0000-00-00', 0, 0),
(682, 'priemka', 17, 0, 268, 1, 1, '', '0.00', 0, '', 0, '2025-04-24', 0, 0, 0, 0, '0000-00-00', 0, 0),
(683, 'vydacha', 0, 1, 268, 1, 0, '', '2740.00', 0, 'Счет на оплату №26 от 28 апреля 2025г.', 0, '2025-04-25', 0, 1, 26, 0, '0000-00-00', 0, 0),
(684, 'priemka', 17, 0, 273, 2, 1, '', '0.00', 0, '', 0, '2025-04-24', 0, 0, 0, 0, '0000-00-00', 0, 0),
(685, 'vydacha', 0, 1, 273, 2, 0, '', '12000.00', 0, 'Счет на оплату №26 от 28 апреля 2025г.', 0, '2025-04-25', 0, 1, 26, 0, '0000-00-00', 0, 0),
(686, 'priemka', 17, 0, 281, 6, 1, '', '0.00', 0, '', 0, '2025-04-24', 0, 0, 0, 0, '0000-00-00', 0, 0),
(687, 'vydacha', 0, 1, 281, 6, 0, '', '7440.00', 0, 'Счет на оплату №26 от 28 апреля 2025г.', 0, '2025-04-25', 0, 1, 26, 0, '0000-00-00', 0, 0),
(688, 'vydacha', 0, 3, 53, 1, 0, '', '3350.00', 0, '', 0, '2025-04-28', 1, 0, 0, 0, '0000-00-00', 0, 0),
(689, 'vydacha', 0, 1, 2, 5, 0, '', '0.00', 0, 'Для Газели АВТОРЕМОНТА', 0, '2025-04-30', 0, 1, 0, 0, '0000-00-00', 0, 0),
(690, 'vydacha', 0, 1, 64, 1, 0, '', '0.00', 0, '', 0, '2025-05-05', 0, 1, 0, 0, '0000-00-00', 0, 0),
(691, 'priemka', 10, 0, 282, 1, 1, '', '0.00', 0, '', 0, '2025-05-07', 0, 0, 0, 0, '0000-00-00', 0, 0),
(692, 'priemka', 10, 0, 283, 1, 1, '', '0.00', 0, '', 0, '2025-05-07', 0, 0, 0, 0, '0000-00-00', 0, 0),
(693, 'priemka', 15, 0, 285, 1, 1, '', '0.00', 0, '', 0, '2025-05-07', 0, 0, 0, 0, '0000-00-00', 0, 0),
(694, 'vydacha', 0, 9, 285, 1, 0, '', '0.00', 0, 'Выдано Евгению', 0, '2025-05-07', 0, 0, 0, 0, '0000-00-00', 0, 0),
(695, 'priemka', 34, 0, 286, 1, 1, '', '0.00', 0, '', 0, '2025-05-07', 0, 0, 0, 0, '0000-00-00', 0, 0),
(696, 'vydacha', 0, 9, 286, 1, 0, '', '0.00', 0, 'Выдано Евгению для работы', 0, '2025-05-07', 0, 0, 0, 0, '0000-00-00', 0, 0),
(697, 'priemka', 34, 0, 287, 1, 1, '', '0.00', 0, '', 0, '2025-05-07', 0, 0, 0, 0, '0000-00-00', 0, 0),
(698, 'vydacha', 0, 9, 287, 1, 0, '', '0.00', 0, 'Выдано Евгению для работы', 0, '2025-05-07', 0, 0, 0, 0, '0000-00-00', 0, 0),
(699, 'priemka', 34, 0, 288, 1, 1, '', '0.00', 0, '', 0, '2025-05-07', 0, 0, 0, 0, '0000-00-00', 0, 0),
(700, 'vydacha', 0, 9, 288, 1, 0, '', '0.00', 0, 'Выдано Евгению для работы', 0, '2025-05-07', 0, 0, 0, 0, '0000-00-00', 0, 0),
(701, 'priemka', 34, 0, 289, 1, 1, '', '0.00', 0, '', 0, '2025-05-07', 0, 0, 0, 0, '0000-00-00', 0, 0),
(702, 'vydacha', 0, 9, 289, 1, 0, '', '0.00', 0, 'Выдано Евгению для работы', 0, '2025-05-07', 0, 0, 0, 0, '0000-00-00', 0, 0),
(703, 'priemka', 34, 0, 290, 1, 1, '', '0.00', 0, '', 0, '2025-05-07', 0, 0, 0, 0, '0000-00-00', 0, 0),
(704, 'vydacha', 0, 9, 290, 1, 0, '', '0.00', 0, 'Выдано Евгению для работы', 0, '2025-05-07', 0, 0, 0, 0, '0000-00-00', 0, 0),
(705, 'priemka', 34, 0, 291, 1, 1, '', '0.00', 0, '', 0, '2025-05-07', 0, 0, 0, 0, '0000-00-00', 0, 0),
(706, 'vydacha', 0, 9, 291, 1, 0, '', '0.00', 0, 'Выдано Евгению для работы', 0, '2025-05-07', 0, 0, 0, 0, '0000-00-00', 0, 0),
(707, 'priemka', 34, 0, 292, 1, 1, '', '0.00', 0, '', 0, '2025-05-07', 0, 0, 0, 0, '0000-00-00', 0, 0),
(708, 'vydacha', 0, 9, 292, 1, 0, '', '0.00', 0, 'Выдано Евгению для работы', 0, '2025-05-07', 0, 1, 0, 0, '0000-00-00', 0, 0),
(709, 'priemka', 34, 0, 293, 1, 1, '', '0.00', 0, '', 0, '2025-05-07', 0, 0, 0, 0, '0000-00-00', 0, 0),
(710, 'vydacha', 0, 9, 293, 1, 0, '', '0.00', 0, 'Выдано Евгению для работы', 0, '2025-05-07', 0, 0, 0, 0, '0000-00-00', 0, 0),
(711, 'priemka', 34, 0, 294, 1, 1, '', '0.00', 0, '', 0, '2025-05-07', 0, 0, 0, 0, '0000-00-00', 0, 0),
(712, 'vydacha', 0, 9, 294, 1, 0, '', '0.00', 0, 'Выдано Евгению для работы', 0, '2025-05-07', 0, 0, 0, 0, '0000-00-00', 0, 0),
(713, 'priemka', 34, 0, 295, 1, 1, '', '0.00', 0, '', 0, '2025-05-07', 0, 0, 0, 0, '0000-00-00', 0, 0),
(714, 'vydacha', 0, 9, 295, 1, 0, '', '0.00', 0, 'Выдано Евгению для работы', 0, '2025-05-07', 0, 0, 0, 0, '0000-00-00', 0, 0),
(715, 'priemka', 34, 0, 296, 2, 1, '', '0.00', 0, '', 0, '2025-05-07', 0, 0, 0, 0, '0000-00-00', 0, 0),
(716, 'vydacha', 0, 9, 296, 2, 0, '', '0.00', 0, 'Выдано Евгению для работы', 0, '2025-05-07', 0, 0, 0, 0, '0000-00-00', 0, 0),
(717, 'priemka', 34, 0, 297, 5, 1, '', '0.00', 0, '', 0, '2025-05-07', 0, 0, 0, 0, '0000-00-00', 0, 0),
(718, 'vydacha', 0, 9, 297, 5, 0, '', '0.00', 0, 'Выдано Евгению для работы', 0, '2025-05-07', 0, 0, 0, 0, '0000-00-00', 0, 0),
(719, 'priemka', 34, 0, 298, 5, 1, '', '0.00', 0, '', 0, '2025-05-07', 0, 0, 0, 0, '0000-00-00', 0, 0),
(720, 'vydacha', 0, 9, 298, 5, 0, '', '0.00', 0, 'Выдано Евгению для работы', 0, '2025-05-07', 0, 0, 0, 0, '0000-00-00', 0, 0),
(721, 'priemka', 34, 0, 299, 2, 1, '', '0.00', 0, '', 0, '2025-05-07', 0, 0, 0, 0, '0000-00-00', 0, 0),
(722, 'vydacha', 0, 9, 299, 2, 0, '', '0.00', 0, 'Выдано Евгению для работы', 0, '2025-05-07', 0, 0, 0, 0, '0000-00-00', 0, 0),
(723, 'priemka', 34, 0, 300, 1, 1, '', '0.00', 0, '', 0, '2025-05-07', 0, 0, 0, 0, '0000-00-00', 0, 0),
(724, 'vydacha', 0, 9, 300, 1, 0, '', '0.00', 0, 'Выдано Евгению для работы', 0, '2025-05-07', 0, 0, 0, 0, '0000-00-00', 0, 0),
(725, 'priemka', 34, 0, 301, 1, 1, '', '0.00', 0, '', 0, '2025-05-07', 0, 0, 0, 0, '0000-00-00', 0, 0),
(726, 'vydacha', 0, 9, 301, 1, 0, '', '0.00', 0, 'Выдано Евгению для работы', 0, '2025-05-07', 0, 1, 0, 0, '0000-00-00', 0, 0),
(727, 'priemka', 34, 0, 302, 15, 1, '', '0.00', 0, '', 0, '2025-05-07', 0, 0, 0, 0, '0000-00-00', 0, 0),
(728, 'vydacha', 0, 9, 302, 15, 0, '', '0.00', 0, 'Выдано Евгению для работы', 0, '2025-05-07', 0, 0, 0, 0, '0000-00-00', 0, 0),
(729, 'priemka', 35, 0, 303, 1, 1, '', '0.00', 0, '', 0, '2025-05-07', 0, 0, 0, 0, '0000-00-00', 0, 0),
(730, 'priemka', 35, 0, 304, 1, 1, '', '0.00', 0, '', 0, '2025-05-07', 0, 0, 0, 0, '0000-00-00', 0, 0),
(731, 'priemka', 35, 0, 0, 1, 1, '', '0.00', 0, '', 0, '2025-05-07', 0, 0, 0, 0, '0000-00-00', 0, 0),
(732, 'priemka', 35, 0, 306, 1, 1, '', '0.00', 0, '', 0, '2025-05-07', 0, 0, 0, 0, '0000-00-00', 0, 0),
(733, 'priemka', 35, 0, 307, 1, 1, '', '0.00', 0, '', 0, '2025-05-07', 0, 0, 0, 0, '0000-00-00', 0, 0),
(734, 'priemka', 35, 0, 308, 1, 1, '', '0.00', 0, '', 0, '2025-05-07', 0, 0, 0, 0, '0000-00-00', 0, 0),
(735, 'priemka', 35, 0, 309, 1, 1, '', '0.00', 0, '', 0, '2025-05-07', 0, 0, 0, 0, '0000-00-00', 0, 0),
(736, 'priemka', 35, 0, 310, 1, 1, '', '0.00', 0, '', 0, '2025-05-07', 0, 0, 0, 0, '0000-00-00', 0, 0),
(737, 'vydacha', 0, 8, 70, 40, 0, '', '0.00', 0, '', 0, '2025-05-15', 0, 1, 0, 0, '0000-00-00', 0, 0);

-- --------------------------------------------------------

--
-- Структура таблицы `maslosklad_buyers`
--

CREATE TABLE `maslosklad_buyers` (
  `id` int(11) NOT NULL,
  `name` varchar(200) NOT NULL,
  `is_deleted` int(11) NOT NULL
) ENGINE=InnoDB DEFAULT CHARSET=cp1251 COMMENT='Покупатели';

--
-- Дамп данных таблицы `maslosklad_buyers`
--

INSERT INTO `maslosklad_buyers` (`id`, `name`, `is_deleted`) VALUES
(1, 'АВТОРЕМОНТ', 0),
(2, 'Сергей ГАЗЕЛИ', 0),
(3, 'Физ. лицо', 0),
(4, 'Валерий SITRAK 8-917-200-05-38', 0),
(5, '+79270552881 Сергей Владимирович Совхоз Весна bvs@s-vesna.ru', 0),
(6, 'АТП-1', 0),
(7, 'Саратовский колледж пром. технологий и авто сервиса им. Бирюзова С.С.', 0),
(8, 'ООО \"СНС-Холдинг\"', 0),
(9, 'Кузовное производство', 0);

-- --------------------------------------------------------

--
-- Структура таблицы `maslosklad_price`
--

CREATE TABLE `maslosklad_price` (
  `id` int(11) NOT NULL,
  `maslosklad_property_id` int(11) NOT NULL COMMENT 'id Товара',
  `purchase_price` int(11) NOT NULL COMMENT 'цена закупа',
  `cash_price` int(11) NOT NULL COMMENT 'цена за нал',
  `cashless_price` int(11) NOT NULL COMMENT 'цена за безнал',
  `date_add` datetime NOT NULL DEFAULT CURRENT_TIMESTAMP COMMENT 'дата обновления'
) ENGINE=InnoDB DEFAULT CHARSET=utf8 COMMENT='Цены на товары';

--
-- Дамп данных таблицы `maslosklad_price`
--

INSERT INTO `maslosklad_price` (`id`, `maslosklad_property_id`, `purchase_price`, `cash_price`, `cashless_price`, `date_add`) VALUES
(1, 5, 47100, 0, 0, '2024-12-02 19:53:23'),
(3, 4, 31158, 0, 0, '2024-12-02 19:54:37'),
(4, 3, 29366, 0, 0, '2024-12-02 20:16:29'),
(5, 2, 56727, 330, 350, '2024-12-02 20:17:05'),
(6, 1, 5836, 0, 0, '2024-12-02 20:17:48'),
(7, 7, 2815, 0, 0, '2024-12-02 21:15:37'),
(8, 8, 30974, 0, 0, '2024-12-02 21:16:15'),
(9, 6, 1970, 0, 0, '2024-12-02 21:16:39'),
(10, 9, 2815, 0, 0, '2024-12-02 21:16:58');

-- --------------------------------------------------------

--
-- Структура таблицы `maslosklad_property`
--

CREATE TABLE `maslosklad_property` (
  `id` int(11) NOT NULL,
  `name` varchar(200) NOT NULL COMMENT 'наименование имущества',
  `article` varchar(255) NOT NULL COMMENT 'Артикул ',
  `type` int(11) NOT NULL COMMENT 'категория имущества',
  `volume` float NOT NULL COMMENT 'Объём для розлива',
  `is_deleted` int(11) NOT NULL DEFAULT '0' COMMENT 'признак удаления'
) ENGINE=InnoDB DEFAULT CHARSET=utf8 COMMENT='Имущество на маслоскладе';

--
-- Дамп данных таблицы `maslosklad_property`
--

INSERT INTO `maslosklad_property` (`id`, `name`, `article`, `type`, `volume`, `is_deleted`) VALUES
(1, 'ROLF Krafton P7 10w40 20л', '', 1, 0, 0),
(2, 'ROLF Krafton P7 10w40 208л', '', 1, 208, 0),
(3, 'Роснефть Disiel 1 15w40 208л', '', 1, 208, 0),
(4, 'Девон Супер Т 80w90 GL-5 180кг', '', 2, 216.5, 0),
(5, 'Девон Супер Т 75w90 GL-4 180кг', '', 2, 216.5, 0),
(6, 'Sibiria - 40 G12+ красный 20л', '', 3, 0, 0),
(7, 'Sintec Luxe G12+ красный 20л', '', 3, 0, 0),
(8, 'Sintec Luxe G12+ красный 220л', '', 3, 220, 0),
(9, 'Sintec MultiFreeze фиолетовый 20л', '', 3, 0, 0),
(10, 'MANNOL 8116/8029 синяя (18 кг )', '', 6, 0, 0),
(11, 'Бутылка НЭТ 5л. б/ц', '', 4, 0, 0),
(12, 'Насос для масла', '', 7, 0, 0),
(13, 'Мерный стакан на 5 л.', '', 7, 0, 0),
(14, 'Ключ для открывания бочек', '', 7, 0, 0),
(15, 'Диск нажимной (корзина сцепления) ТМ 14-1601090', '14.1601090-10', 8, 0, 0),
(16, 'Диск нажимной (корзина сцепления) ТМ 142-1601090', '142.1601090', 8, 0, 0),
(17, 'Диск нажимной (корзина сцепления лепестковая) ТМ514-142.1601090', '514-142.1601090', 8, 0, 0),
(18, 'Диск нажимной (корзина сцепления) ТМ 430 090 083 118', '430 090 083 118', 8, 0, 0),
(19, 'Диск сцепления ведомый ТМ 142-1601130', '142.1601130', 8, 0, 0),
(20, 'Диск сцепления ведомый ТМ 19-1601130', '19.1601130', 8, 0, 0),
(21, 'Диск сцепления ведомый ТМ 19-1601130', '19-1601130', 8, 0, 0),
(22, 'Диск сцепления ведомый ТМ 430 130 000 205', '430 130 000 205', 8, 0, 0),
(23, 'Диск сцепления ведомый ТМ 430 130 000 206', ' 430 130 000 206', 8, 0, 0),
(24, 'Муфта (выжимной подшипник) ТМ 3151 000 157', '3151 000 157', 8, 0, 0),
(25, 'Муфта ТМ 315.1000034', '3151 000 034', 8, 0, 0),
(26, 'Муфта сцепления ТМ 14-1601180', '14.1601180', 8, 0, 0),
(27, 'Диск ведущий средний ТМ 14-1601094-10', '14.1601094-10', 8, 0, 0),
(28, 'Запорное устройство ТМ 118-1601002-05', '118-1601002-05', 8, 0, 0),
(29, 'Ремкомплект для нажимного диска ТМ 14-1600010', '14.1600010', 8, 0, 0),
(30, 'Диск ведомый ТМ19-1601130-01', '19-1601130-01', 8, 0, 0),
(31, 'Диск сцепления ТМ430.130.000206', '', 8, 0, 0),
(32, 'Диск ведомый 142-16011303Ч', '', 8, 0, 0),
(33, 'Диск ведущий средний 14-1601094', '', 8, 0, 0),
(34, 'Диск нажимной 14-160109010', '', 8, 0, 0),
(35, 'Диск нажимной 514142.1601090', '', 8, 0, 0),
(36, 'Муфта выключения сцепления 14-1601180(с/п)', '', 8, 0, 0),
(37, 'ПАлец реактивной штанги 5511-2919030П', '5511-2919030П', 8, 0, 0),
(38, 'Палец рулевой в сборе 5320-3414032П', '', 8, 0, 0),
(39, 'масло моторное Sintec Playinum 7000 10W40 A3/B4 (4л) синт.', '', 1, 0, 0),
(40, 'Масло моторное Sintec Playinum 7000 10W40 A3/B4 (1л) синт.', '', 1, 0, 0),
(41, 'Масло моторное Rolf Energy 10W40 SL/CF (4л.) п/с', '', 1, 0, 0),
(42, 'Масло моторное Волга-Ойл Люкс 5000 5W40 SJ/CF-4 (5л.) п/с', '', 2, 0, 0),
(43, 'Масло моторное Sintec Luxe  5000 5W40 SL/CF (4л) Акция', '', 1, 0, 0),
(44, 'масло моторное Sintec Platinum 7000 5W30 A5/B5 SL/CF (60л) синт.', '', 1, 60, 0),
(45, 'масло моторное Sintec Playinum 7000 5W30 С3 (4л) синт.', '', 1, 0, 0),
(46, 'масло моторное Sintec Платинум 0W20 SP/CF/ C5 (1л) синт.', '', 1, 0, 0),
(47, 'масло моторное Sintec Платинум  0W20 SP/CF/ C5 (4л) синт.', '', 1, 0, 0),
(48, 'Масло трансмиссионное Sintec Transmission75w90 GL-4 (4л.)', '', 2, 0, 0),
(49, 'Масло трансмиссионное Sintec TM-5 Т 80w90 GL-5 (4л.)', '', 2, 0, 0),
(50, 'Масло трансмиссионное Sintec TM-4 75w90 GL-4 (1л.)', '', 2, 0, 0),
(51, 'Поршнекомплект 740.1000128-АК-44-01 МД', '', 12, 0, 0),
(52, 'Масло дизельное TEBOIL SUPER XLD-2 5W30 (200л.) FIN', '', 1, 200, 0),
(53, 'Масло моторное синт. TEBOIL DIAMOND CARAT III 5W30 (4 л.) FIN', '', 1, 0, 0),
(54, '3482000693 - Корзина сцепления', '', 8, 0, 0),
(55, '1878079331 - Диск сцепления', '', 8, 0, 0),
(56, '3151067031 - Муфта сцепления', '', 8, 0, 0),
(57, '16015012 - ПГУ', '', 8, 0, 0),
(58, 'Моторное масло полусинт. TEBOIL SILVER 10W40 (4л.) FIN', '', 1, 0, 0),
(59, 'Моторное масло полусинт. TEBOIL SILVER 10W40 (1л.) FIN', '', 1, 0, 0),
(60, 'Масло моторное синт. TEBOIL DIAMOND  5W30 (4 л.) FIN', '', 1, 0, 0),
(61, 'Масло моторное синт. TEBOIL DIAMOND  5W30 (1 л.) FIN', '', 1, 0, 0),
(62, 'Масло моторное синт. TEBOIL DIAMOND CARAT III 5W30 (1 л.) FIN', '', 1, 0, 0),
(63, 'Масло дизельное TEBOIL SUPER XLD-2 5W30 (200л.) FIN', '', 1, 200, 1),
(64, 'Незамерзайка ALPINA (-30)', '', 11, 0, 0),
(65, 'Крышка первичного вала делителя /КМД', 'К14-1701040-50', 8, 0, 0),
(66, 'Прокладка 040 крышки (паронит)', '14-1701042', 8, 0, 0),
(67, 'Манжета КПП ( 45х64х8 ) ФТОРИРОВАННАЯ', '14.1701230-01', 8, 0, 0),
(68, 'Манжета КПП (45х60х7)', '141701238,01', 8, 0, 0),
(69, 'Гильза с оригинальным поршнем, пальцем, поршневыми и упорными кольцами ( 10 группа ) ПАО КамАЗ', '', 12, 0, 0),
(70, 'Масло моторное REPSOL DIESEL TURBO THPD 10W40 208л.', '', 1, 208, 0),
(71, 'Масло моторное REPSOL DIESEL TURBO THPD 10W40 20л.', '', 1, 0, 0),
(72, '4370-2902012-011/1 Рессора передняя МАЗ Зубренок (8л) (БЗРП)', '', 8, 0, 0),
(73, 'К-кт прокладок для дв. КамАз МД (Эксперт)', '', 8, 0, 0),
(74, 'Комплект п/колец 740.1000106 МД', '', 8, 0, 0),
(75, 'Комплект Вкладышей коренных (740.60Д-1000102Р7) ДЗВ', '', 8, 0, 0),
(76, 'Комплект вкладышей шатунных (740.60Д-1000104Р7) ДЗВ', '', 8, 0, 0),
(77, 'Насос масляный (44.740-1011010-02К) МД', '', 8, 0, 0),
(78, 'Пружина МАЗ Колодки Тормозной', '', 8, 0, 0),
(79, 'Щит МАЗ 4370 Тормоза заднего колеса Правый ОАО МАЗ', '', 8, 0, 0),
(80, 'Щит МАЗ 4370 Тормоза Зад. колеса левый ОАО МАЗ', '', 8, 0, 0),
(81, '4570-2912012-000 Рессора задняя МАЗ Зубренок-Самосвал с подрессорником в сборе (6л) (МР3))', '', 8, 0, 0),
(82, 'Барабан тормозной передний МАЗ-4370 (8 отверстий ) ПРАМО', '', 8, 0, 0),
(83, 'Барабан тормозной КАМАЗ-ЕВРО ПРАМО', '', 8, 0, 0),
(84, 'Р/к тормозных накладок нат1 мост а/м КамАз 5511 (ЗТМ)', '', 8, 0, 0),
(85, 'Радиатор КАМАЗ-5320 медный 3-х рядный ШААЗ', '', 13, 0, 0),
(86, 'Вал коленчатый Евро-2 (дв.740.31)', '', 8, 0, 0),
(87, 'Гильза с поршнем к-т \"Дальнобойщик PREMIUM \"Евро-2\" (ЕВРО-1,2', '740.30-1000128-07КМЗ', 8, 0, 0),
(88, 'Вкладыши коренные стандарт (комплект)', '740.60R-1000102', 8, 0, 0),
(89, 'Вкладыши шатунные стандарт (комплект)', '740.60R-1000104', 8, 0, 0),
(90, 'Доставка', '', 0, 0, 0),
(91, 'Турбокомпрессор ТКР 7С-6 левый', '', 8, 0, 0),
(92, 'Турбокомпрессор ТКР 7С-6 правый', '', 8, 0, 0),
(93, 'Вал коленчатый Евро-2', '740.30-1005008', 8, 0, 0),
(94, 'Полукольцо упорного подшипника коленчатого вала верхнее (стандарт)', '74084', 8, 0, 0),
(95, 'Полукольцо упорного подшипника коленчатого вала нижнее (стандарт)', '74083', 8, 0, 0),
(96, 'Шпилька М12х1,25х18х35', '1/35302/31', 8, 0, 0),
(97, 'Рк задней ступицы Евро в коробке из 4-х/РОСТАР', 'Р53205-3104000-10', 8, 0, 0),
(98, 'Прокладка полуоси паронит 0,8мм/УрплАТИ', '5320-2403048', 8, 0, 0),
(99, 'Втулка разжимного кулака с молибденом/г.Кинешма', '5320-3501126', 8, 0, 0),
(100, 'Кольцо разжимного кулака (резиновое) /БРТ', '5320-3501117', 8, 0, 0),
(101, 'Шпилька 853308 колеса / г.Белебей', '853308', 8, 0, 0),
(102, 'Шпилька 853308 колеса (М20х1,5) (увеличенная резьба)/ ремонтная', '853308', 8, 0, 0),
(103, 'Манжета задней ступицы (142х168х15) внутренняя, без крышки / ЭЛЕМЕНТ', '65115-3104018Э', 8, 0, 0),
(104, 'Ролик+ось тормозных колодок Евро', '5320-3501109+...107', 8, 0, 0),
(105, 'Шестерня распредвала ведущая Евро-4/ПАО КамАз', '740.70-1029115', 8, 0, 0),
(106, 'Ось ведущей шестерни привода распредвала 6520/ПАО КамАз', '740.30-1029125', 8, 0, 0),
(107, 'Распредвал ЕВРО в сборе с шестерней/ПАО КамАз', '740.21-1006010', 8, 0, 0),
(108, 'Шпилька М12х18х55 (на полуось 4310 направляющая/г. Белебей', '4310-853312', 8, 0, 0),
(109, 'Втулка разжимная Ф12/ПАО КамАз', '4310-2403072', 8, 0, 0),
(110, 'Втулка разжимная Ф12/ПАО КамАз', '4310-2403072', 8, 0, 1),
(111, 'Прокладка полуоси ЕВРО паронит (12)', '4310-2304091', 8, 0, 0),
(112, 'Шланг тормозной 4310 задний (рукав L-780 в тканевой оплетке, в пружине) гайка-гайка /КМД', 'К4310-3506060', 8, 0, 0),
(113, 'Гайка М12х1,25 (нейлон самоконтрящаяся)/г.Белебей', '1/61050/118', 8, 0, 0),
(114, 'Прокладка поддона металлическая (без желоба) PLANTAGO', '7405-1009040', 8, 0, 0),
(115, 'Прокладка картера маховика (металл)', '740-1002314-10М', 8, 0, 0),
(116, 'Прокладка передней крышкиЕвро-3,4 (на гидромуфту) металл', '740.70-1002265М', 8, 0, 0),
(117, 'Манжета гидромуфты (100х125х12) /SKT', '410457-FP', 8, 0, 0),
(118, 'Манжета коленвала (105х130х12) ФТОРИРОВАННАЯ /VITON', '740-1005160-01', 8, 0, 0),
(119, 'Распредвал ЕВРО /ПАО КамАз', '740.21-1006015', 8, 0, 0),
(120, 'Головка блока цилиндров Евро-2 в сборе', '740.30-1003010', 8, 0, 0),
(121, 'JTC Стяжка пружин 370 мм.к-т ', '1/12-F370', 7, 0, 0),
(122, 'Rockforce Набор инструментов 216+3 предмета', 'RF-38841+3(60320)', 7, 0, 0),
(123, 'Станкоимпорт Стойка трансмиссионная на 500 кг.', 'SD0303', 7, 0, 0),
(124, 'Манжета гидромуфты 100х125х12 а/м КамАз ЕВРО дв.536 SKT 410547', '45104-1318166-90 SKT', 8, 0, 0),
(125, 'Манжета гидромуфты 34х50х10 Viton CAVETTO с/п', '740-1318186 CAVETTO', 8, 0, 0),
(126, 'К-т патрубков радиатора а/м КамАз 3 наим.(силикон синий) ВТМ', 'КАМАЗ-5320 син.ВТМ', 8, 0, 0),
(127, 'К-т патрубков радиатора а/м КамАз ЕВРО 65115 3 наим.(силик. синий) ВТМ', 'КАМАЗ-65155 син.ВТМ', 8, 0, 0),
(128, 'К-т патрубков радиатора а/м КамАз ЕВРО 6520 3 наим.(силик. синий) ВТМ', 'КАМАЗ-6520 син.ВТМ', 8, 0, 0),
(129, 'Патрубок интеркулера КамАз D-100 L-210 (силик. синий, гофр. арм) СилКо', '53205-1170243 СилКо', 8, 0, 0),
(130, 'Патрубок расширительного бачка КамАз ЕВРО D-30 L-65/130 (Z- образный) (силик. синий)', '65115-1311049 синий', 8, 0, 0),
(131, 'Рк двигателя КамАз 36 наим. ВТМ', '1001 740 36 наим.', 8, 0, 0),
(132, 'Рукав теплостойкий D-50 L-60 yf NHR 7C-6 fhv/ (cbkbr/ cbybq)', '7406-1118276 10 cbybq', 8, 0, 0),
(133, 'Рукав турбокомпрессора гофрированный D-100 L-210 доп.н/арм. (силик. синий)', '53205-1170248 -10 синий', 8, 0, 0),
(134, 'Барабан тормозной KAMAZ нового образца диам. отв. 22 (М1900540) MARSHALL', '4310-3501070', 8, 0, 0),
(135, 'Шпилька43114', '43114-3203071', 8, 0, 0),
(136, 'Накладка тормозная, к-т 8шт*заклепки 64шт 410х223 1-й рем. MAN, MERCEDES-BENZ (19496) SORL', 'HM5815-1', 8, 0, 0),
(137, 'Заклепки к-кт 100шт. 8х20 оцинк. сталь, ступенчатые, трубчатые', '85-22008-SX', 8, 0, 0),
(138, 'насос масляный (ПИ) 10110140250 074011', '740.11-1011014-02', 8, 0, 0),
(139, '1000428205 ( Weichai Power) Фильтр масляный Ь30х2 ф+100, Н+195 МАЗ-5440, 6430 дв. Weichai WP12', 'HM01824796', 8, 0, 0),
(140, 'Масло моторное Rolf Krafton P5 U 10W40 (208л.)', '322548', 1, 208, 0),
(141, 'Проволока сварочная SwarCity Ф0,8х5кг', '', 7, 0, 0),
(142, 'Газ СО2 баллон', '', 7, 0, 0),
(143, 'SCdb 80 Большегрузная поворотная колесная опора с тормозом ч.р. д', '???', 0, 0, 0),
(144, 'Кронштейн крепления кабины КамАза передний', '', 8, 0, 0),
(145, 'Кронштейн крепления кабины КамАза задний', '', 8, 0, 0),
(146, 'Комплект заклепок 100 шт 8х20 (сталь) (S@K GMBN)', 'SK-1020013-01', 8, 0, 0),
(147, '(Bos) Набор плоских предохранителей1х(5А+7,5А+25А+30А); 2х(10А+15А+20А)', 'HM0129797', 8, 0, 0),
(148, 'БПР 2M1 блока предохранителей ГАЗ-3302', '', 8, 0, 0),
(149, '(ГАЗ) Цилиндр сцепления главный 1вх. М12х1,25', 'HM17160', 8, 0, 0),
(150, '(ГАЗ) Цилиндр сцепления рабочий ГАЗ-3302 Волга/Газель (дв. ЗМЗ-406.40522.Крайслер)', 'HM0335542', 8, 0, 0),
(151, 'Жидкий ключ, 400 мл. Лавр', '', 1, 0, 0),
(152, 'Щланг сцепления 3110 406 (Фенокс)', '31029-1602590-50', 8, 0, 0),
(153, 'Трубка тормозная 24/3302 медная 120 см. Ф5 (Техноспектр)', '3110-3506040-120', 8, 0, 0),
(154, 'рубка торм. d-6мм. L=220см.', '53-12-3506086', 8, 0, 0),
(155, 'ТЖ Дзержинский DOT-4 910г.', '', 1, 0, 0),
(156, 'Ступица колеса в сборе SAF B19-22K01 integral (SAF)', '3.307.3045.52', 8, 0, 0),
(157, 'Шпилька колеса М22х1,5х87/78 SAF (PETERS)', '067,131-00А', 8, 0, 0),
(158, 'Гайка колесная с вращ. юбкой М22х1,5 SW32 H=27 SAF/BRW/MAN/DAF (SAMPA)', '020,451', 8, 0, 0),
(159, 'Гайка колесная с вращ. юбкой М22х1,5 SW32 H=27 SAF/BRW/MAN/DAF (SAMPA)', '020,451', 8, 0, 0),
(160, 'Опора разжимного кулака (левая)', '103-3502025-20', 8, 0, 0),
(161, 'Опора разжимного кулака (правая)', '103-3502024-20', 8, 0, 0),
(162, 'Стакан разжимного кулака в сб.', '103-3502018-10', 8, 0, 0),
(163, 'Кольцо уплотнительное цапфы', '100-106-36-2-3', 8, 0, 0),
(164, 'Кольцоцапфы (фторопластовое, ОАО\"ОЗАА\")', '54321-3104085', 8, 0, 0),
(165, 'Прокладка заднего вала', '6303-2502168', 8, 0, 0),
(166, 'Манжета хвостовика (1,2-85Х110)', '5432-2402052', 8, 0, 0),
(167, 'Манжета хвостовика (2,2-85Х110)', '5336-2402052', 8, 0, 0),
(168, 'Кольцо уплотнительное д-р 65 мм.(под гайку хвостовика М48, ЩАЩ\"БРТИ\") ', '6303-2502064-050', 8, 0, 0),
(169, 'Ступица задняя в сб. с индуктором', '543266-3104006', 8, 0, 0),
(170, 'Прокладка крышки сальника задней ступицы', '543266-3502077', 8, 0, 0),
(171, 'Манжета задней ступицы 9 1,2-120х150 )', '5336-3104038', 8, 0, 0),
(172, 'Манжета задней ступицы ( 2,2-120х150 )', '5336-3104038-10', 8, 0, 0),
(173, 'Кулак разжимной задний (эвольвентный шлиц, L-515мм )', '5440-3502110-010', 8, 0, 0),
(174, 'Кулак разжимной задний (эвольвентный шлиц, L-515мм )', '5440-3502111-010', 8, 0, 0),
(175, 'Рычаг регулировочный (эвольвентный шлиц, прямой, ОАО \"ТАиМ\"', '64221-3501236-10', 8, 0, 0),
(176, 'Рычаг регулировочный (эвольвентный шлиц, правый, ОАО \"ТАиМ\"', '5434-3501136-010', 8, 0, 0),
(177, 'Рычаг регулировочный (эвольвентный шлиц, левый, ОАО \"ТАиМ\"', '5434-3501135-010', 8, 0, 0),
(178, 'Ремкомплект рулевого наконечника', '64221-3003060', 8, 0, 0),
(179, 'Датчик ABS ( прямой L-1700 мм. ОАО \"ЭКРАН\")', '543203-3724764-010', 8, 0, 0),
(180, 'Датчик ABS ( прямой L-1600 мм. ОАО \"ЭКРАН\")', '643008-3724764-010', 8, 0, 0),
(181, 'Палец силового цилиндра ЦГ80 в сб. с сухарями', 'ЦГ80-280-3405282-СБ', 8, 0, 0),
(182, 'Ступица шестерни ( z=49, H=55 мм. ОАО\"МАЗ\" )', '5440-2405051', 8, 0, 0),
(183, 'Кулак разжимной среднего моста под ABS  (\'эвольвентный шлиц, L-350 мм. ОАО\"ТАиМ\")', '6302В5-3502210-000', 8, 0, 0),
(184, 'Кулак разжимной среднего моста под ABS  (\'эвольвентный шлиц, L-350 мм. ОАО\"ТАиМ\")', '6302В5-3502211-000', 8, 0, 0),
(185, 'Подшипник разжимного кулака', 'ШС-42', 8, 0, 0),
(186, 'Манжета разжимного кулака ( 1,2-42х54, ОАО \"БРТИ\" )', '103-3502020', 8, 0, 0),
(187, 'Обойма манжеты стакана разжимного кулака ( ОАО \"МАЗ\" )', '103-3502038', 8, 0, 0),
(188, 'Кольцо уплотнительное разжимного кулака ( ОАО \"РБТИ\" )', '060-064-25-2-3', 8, 0, 0),
(189, 'Кольцо уплотнительное разжимного кулака ( ОАО \"РБТИ\" )', '060-064-25-2-3', 8, 0, 1),
(190, 'Поршнекомплект Д144-1000108 МД', 'Д144-1000108', 8, 0, 0),
(191, 'Накладка тормозная, к-т, 8-шт + заклепки 64 шт. 410х183 1-Й рем. MAN, VTRCEDES-BENZ? RENAULT (19495) SORL (SORL)', 'HM5615-1', 8, 0, 0),
(192, 'Тяга поперечная рулевая (ПАО КамАЗ)', '4310-3414049-12', 8, 0, 0),
(193, 'АКБ DELKOR 12V/ 80Ah/135 RC', '', 7, 0, 0),
(194, 'Комплект коренных вкладышей (0,25)', 'Д144-1000102-Н2', 8, 0, 0),
(195, 'Комплект шатунных вкладышей (0,25)', 'Д144-1000104-Н2', 8, 0, 0),
(196, 'Комплект шатунных вкладышей (1,25)', 'Д144-1000104.1-Р2', 8, 0, 0),
(197, 'Комплект Вкладышей Коренных Подшипников (СТ)', 'R236-1000102-Б2', 8, 0, 0),
(198, 'Комплект Вкладышей Шатунных Подшипников (СТ) (Без заглушек)', 'R236-1000104-Б2 (Без заглушек)', 8, 0, 0),
(199, 'Фильтр очистки топлива ФТ-305.48 (047-1117010) МД', 'ФТ-305.48', 8, 0, 0),
(200, 'Эл. фильтр. очистки масла ЭФМ-305.18 МС (9840-1012040-12)МД', 'ЭФМ-305.18 МС', 8, 0, 0),
(201, 'Поршнекомплект 658. 10004006-10-90 МД (Эксперт)', '658. 10004006-10-90', 12, 0, 0),
(202, 'Компрессор ( 44.161.3509009-10 ) МД', '44.161.3509009-10', 8, 0, 0),
(203, 'Реммен вентиляторный клиновой 1075*11*10 зуб (AVX13*1075) HANSE', '11*10*1075 зуб HANSE', 8, 0, 0),
(204, 'Сальник передней ступицы а/м КамАз NBR красн. с/п РТ', '864136-кр РТ', 8, 0, 0),
(205, 'Манжета задней опоры коленвала а/м МАЗ 140*170*13-2.2 CAVETTO', '236-1005160 CAVETTO', 8, 0, 0),
(206, 'Манжета задней ступицы а/м КамАз ЕВРО-2 без крышки доп.', '65115-3104018 Элемент', 8, 0, 0),
(207, 'Манжета привода ТНВД 24*46*10-2.2 Viton CAVETTO', '236-1029240 CAVETTO', 8, 0, 0),
(208, 'Манжета ступицы переднего колеса NBR 50*80*10-кр РТ', '3302-3103038 кр РТ', 8, 0, 0),
(209, 'Манжета коленвала передняя а/м МАЗ 64*95*10 Viton CAVETTO', '210-1005034 CAVETTO', 8, 0, 0),
(210, 'Манжета задней ступицы а/м  ГАЗ, КрАз, МАЗ С/п фтор доп. 65*90*10-1,2-ф', '5494-2304130-ф ВТР', 8, 0, 0),
(211, 'Ремень водяного насоса а/м КрАЗ, МАЗ 943*14*10 зуб Rubena', '14*10*943 зуб Rubena', 8, 0, 0),
(212, 'К-т патрубков отопителя а/м ГАЗ-3302 дв.. 406 4 наим. ВТМ', 'ГАЗ-3302 дв. 406 ВТМ', 8, 0, 0),
(213, 'К-т патрубков радиатора а/м ГАЗ-3302 дв. 406 5 наим. оплет. VPT ВТМ', 'ГАЗ-3302 дв. 406 VPT ВТМ', 8, 0, 0),
(214, 'К-т сальников коленвала дв. Д-21, Д-144 2шт.', '', 8, 0, 0),
(215, 'Прокладка клапанной крышки дв. 405, 406, рти красн, 8 отв. с бурт.', '406-1007245 кр.', 8, 0, 0),
(216, 'Прокладка поддона а/м ГАЗ с дв. 406, 405 арм. сил. зел, ВТМ', '406-1009070 сил. зел. ВТМ', 8, 0, 0),
(217, 'Прокладка поддона а/м МАЗ дв. 236 арм. в сб. ФСИ-65 зел, Строймаш', '236-1009040-А 3 Строймаш', 8, 0, 0),
(218, 'Прокладка поддона а/м МАЗ дв. 236 арм. силик. син. ВТМ', '23 6 -1009040 силик. син. ВТМ', 8, 0, 0),
(219, 'РК двигателя 236НЕ, БЕ 66 наим, (общ. ГБЦ паронит) ВТМ', '236НЕ-2000005', 8, 0, 0),
(220, 'РК прокладок двигателя Т-40, Д-144 (полный)', '3613', 8, 0, 0),
(221, 'Сайлентблок рессор 3302 (ЯРТИ)', '33022902027 (ASSO)', 8, 0, 0),
(222, 'Болт   рессорный 3302 16*1,5*120', '291156-СБ', 8, 0, 0),
(223, 'Привод вентилятора креп. 10 отв. 6 ручьев, Ф10, ступица Ф108, 4 отв. М10*1,25,1 (ЯМЗ)', '7511.1308011-0(ЯМЗ)', 8, 0, 0),
(224, 'Натяжное устройство насоса , D=шкива 87, h=62 1ручей 2 отв, Ф13 (ЯМЗ)', '236-1307155', 8, 0, 0),
(225, 'Полукольцо (латунь) L=225х12х7,5 с/и коленвала', '7511.1005183', 8, 0, 0),
(226, 'Авторемкомплект РМК теплообменника (трубчатого, круглого) дв. ЯМЗ-7601, фтор', '7601-1013001-11 ЯМЗ', 8, 0, 0),
(227, 'Подшипник 25х52х15 коленвала  перв. вала шарик радиал. закрытый', '180205 С17', 8, 0, 0),
(228, 'Амортизатор задней подвески (265/450)', '', 8, 0, 0),
(229, 'Глушитель н/о (нижний выхлоп)', '', 8, 0, 0),
(230, 'Кронштейн крепления силового цилиндра н/о (под ШНКФ)', '', 8, 0, 0),
(231, 'Металлорукав н/о (L-360 мм, д-р 110 мм)', '', 8, 0, 0),
(232, ' Муфта защитная штока ЦГ-80 (силикон)', '', 8, 0, 0),
(233, 'Палец силового цилиндра ЦГ-80 в сб. с сухарями', '', 8, 0, 0),
(234, 'Подшипник рычага КПП', '', 8, 0, 0),
(235, ' Ремкомплект рулевого наконечника', '', 8, 0, 0),
(236, ' Ремкомплект рычага переключения передач', '', 8, 0, 0),
(237, 'Рычаг регулировочный н/о ТАиМ (эвольвентный шлиц, левый)', '', 8, 0, 0),
(238, 'Рычаг регулировочный н/о ТАиМ (эвольвентный шлиц, правый)', '', 8, 0, 0),
(239, 'Труба приёмная (Побразная)', '', 8, 0, 0),
(240, 'Тяга продольная н/о (L-1015 мм, ОАО \"БААЗ\")', '', 8, 0, 0),
(241, 'Хомут выхлопной трубы н/о (ОАО \"МАЗ\")', '', 8, 0, 0),
(242, 'Хомут глушителя н/о в сб. (лента стяжная)', '', 8, 0, 0),
(243, 'Хомут металлорукава н/о (д-р 115 мм)', '', 8, 0, 0),
(244, 'Фильтр масляный ( навинчиваемый) W 11102/36 108х93х103 G1 1/8-16 UN-2B H=261', 'HM01417136', 8, 0, 0),
(245, 'Фильтр топливныйтA=93 B=62 C=71 H=147 G=M 18X1.5 RVI Kerax, Magnum, WK 940/20', 'HM01299346', 8, 0, 0),
(246, 'Фильтр топливный с колбой 43-28712-SXA=108 H=230 G=1-14 UNS F=S80XЗ с колбой', 'HM02687167', 8, 0, 0),
(247, 'Облицовка радиатора МАЗ-6431 ( 1640х1500х480 )', '6431-8401010', 8, 0, 0),
(248, 'Фильтр воздушный (элемент) ЭФВ ф280, H=596 дв. ЯМЗ*656,658,7511,238ДЕ Евро-2,3 с дном', 'ДФВ 5917 (ДЗАФ)', 8, 0, 0),
(249, 'Знак заводской МАЗ (белый) облицовки радиатора пластик (ЭМБЛЕМА)', '6430-8401300-002 (ОЗАА)', 8, 0, 0),
(250, 'Набор инструментов Rockforce 216+3 предмета RF-38841+3(60320)', '', 7, 0, 0),
(251, 'Диск зачистной для УШМ 125 мм 444125 РОССОМАХА', '', 7, 0, 0),
(252, 'Углошлифовалная машина Ресанта УШМ-125/900 75/12/2', '', 7, 0, 0),
(253, 'Кронштейн задней рессоры 3302 задний', '33022912446 (ГАЗ)', 8, 0, 0),
(254, 'Теплообменник масляный L=460 на турбонаддув длин. (КамАЗ-УВК)', '40.20-1013200', 8, 0, 0),
(255, 'Фильтр масляный (элемент) ф110, H=200 КамАз ЕВРО-1,2,3 бумага', 'ДФМ 4804 (ДЗАФ)', 8, 0, 0),
(256, 'РМК масляного фильтра КамАз ЕВРО (СИЛИКОН) зеленый', '7406-1017001ЕВРО', 8, 0, 0),
(257, 'Фильтр масляный (элемент) ф113,H=232 МАЗ УРАЛ, КамАз ( дв.ЯМЗ, КамАз-ЕВРО) бумага', 'ДФМ 4906 (ДЗАФ)', 8, 0, 0),
(258, 'Колодка тормозная L=360; S=70 задняя с накладкой (комплект 4 шт)', 'TR500.302C (Трансмастер)', 8, 0, 0),
(259, 'Прокладка полуоси заднего моста ГАЗ-3320', '3302-2403048', 8, 0, 0),
(260, 'Цилиндр задний тормозной ГАЗ d32', '243501040', 8, 0, 0),
(261, 'Подшипник ступицы Газель 2217 передней Росподшипник (ВПЗ-15) (ремкомплект)', '33023103800(ВПЗ)', 8, 0, 0),
(262, 'Ремкомплект суппорта 3302 ГАЗ Riginal с поршнем', 'RG31103501410 (Riginal)', 8, 0, 0),
(263, 'Подушка двигателя Евро-3', '3309100102001 (ГАЗ)', 8, 0, 0),
(264, 'Трос ручника 3302 боковой', '33023508180 (Автопартнер)', 8, 0, 0),
(265, 'Трос ручника 3302 центральный', '33023508068 (Автопартнер)', 8, 0, 0),
(266, 'Диск тормозной н/о ГАЗ-3302(d104)', '', 8, 0, 0),
(267, 'К-т колодок тормозных передних ГАЗ-3302,3310', '', 8, 0, 0),
(268, 'Р/к разжимного вала (метал. шар с масл., к-т на ось) BPW (SAMPA)', '070.581', 8, 0, 0),
(269, 'Кольцо пружинное пальца торм. колодки D=33/30 BPW (BPW)', '03.188.02.02.0', 8, 0, 0),
(270, 'Пружина тормозной колодки V-образная без крюка 117х19х306 BPN (BPN)', '03.397.33.13.0', 8, 0, 0),
(271, 'Пружина тормозной колодки V-образная с крюком 124х19х3,6 BPN (BPN)', '03.397.33.12.0', 8, 0, 0),
(272, 'Пружина стяжная торм. колодок 268х34х5 BPN -95 (AUGER)', '52766', 8, 0, 0),
(273, 'Накладки тормозные Wva 19032 420х180 BPW 1REM (Elsen)', 'EIB0101210', 8, 0, 0),
(274, 'Пыльник тормозного барабана ( кв. балка 120 мм. 16, к-т на ось ) BPW95 SN (SAMPA)4218', '070.514', 8, 0, 0),
(275, 'Колодка барабанного тормоза 40х180 BPW-95 с составным роликом (накладки 19032) (BPN)', '05.091.46.36.0', 8, 0, 0),
(276, 'Болт   колеса М22х1,5х89/54 BPW ECO-Plus (BPW)', '03.296.33.14.1', 8, 0, 0),
(277, 'Кольцо ABS 125х156х8,5 Z=100 BPW ECO (SAMPA)', '03.310.08.51.0', 8, 0, 0),
(278, 'Палец трещетки D14х35/40 (не регулируемый) (BPN)', '02.0335.20.00', 8, 0, 0),
(279, 'Шайба тормозного вала (м.) 22,5х42х10,5 BPW SN30/36/42 (SAMPA)', '114.044', 8, 0, 0),
(280, 'Рукав с нитяной оплеткой Ф-20', '', 7, 0, 0),
(281, 'Сальник ступицы 117,5х158х17,8 BPW ECO Plus 8-9t (PETERS)', '406.252-ООА', 8, 0, 0),
(282, 'Моторкомплект 40524. 10040018-10-AP \"А\" МД (Экспкрт)', '40524.10040', 8, 0, 0),
(283, 'Прокладка ГБЦ для дв.ЗМЗ-405,-409 ЕЗ сталь МД', '40624.10030', 8, 0, 0),
(284, 'К-кт прокладок для дв. ЗМЗ-40904,-40524 МД', 'К40524-10030', 8, 0, 0),
(285, 'Краскораспылитель с верхним бачком Pegas 1,5мм 2707', '', 7, 0, 0),
(286, 'Блок шлифовальный жесткий на липучке 70ммх20мм', '', 7, 0, 0),
(287, 'Шпатлевка Novoi Econom uni', '', 15, 0, 0),
(288, 'Набор шпателей пластмассовых 4шт', '', 7, 0, 0),
(289, 'Грунт Reolex фосфатирующий 1+1 0,8л.', '', 15, 0, 0),
(290, 'Грунт Nuovo CORSO cthsq 4+1 0.8л.', '', 15, 0, 0),
(291, 'Отвердитель Vika акриловый 0,2л.', '', 15, 0, 0),
(292, 'Краска акриловая Vika белая 040 0,85кг.', '', 15, 0, 0),
(293, 'Обезжириватель  ULTIMAX    0,8л', '', 15, 0, 0),
(294, 'Растворитель P-12 акриловый Синтез 0,9л.', '', 15, 0, 0),
(295, 'Растворитель HП  промывочный KITT 1л.', '', 15, 0, 0),
(296, 'Кист 25мм', '', 15, 0, 0),
(297, 'Фильтр-воронка для краски 125мм.', '', 15, 0, 0),
(298, 'Салфетка JETAPro для очистки и обезжиривания 320ьь.х320мм.', '', 15, 0, 0),
(299, 'Лента малярная ITAPE 24мм.х40м.', '', 15, 0, 0),
(300, 'Пленка укрывная Remix 4м.х7м. 7мкр.', '', 15, 0, 0),
(301, 'Набор щеток на дрель 5шт.', '', 7, 0, 0),
(302, 'Бумага наждачная полоса SUrmi 70 vv/', '', 15, 0, 0),
(303, 'Зубило - конопатка 230 мм Стайер с протектором', '', 7, 0, 0),
(304, 'Киянка 0,34 кг.Зубр Мастер резинов. без дер. ручки', '', 7, 0, 0),
(305, 'Киянка 0,45 кг. Мастер резинов. белая ручка', '', 7, 0, 0),
(306, 'Кувалда 2 кг. деревянная ручка', '', 7, 0, 0),
(307, 'Маркер строит. черный 147х15 мм. FIT', '', 7, 0, 0),
(308, 'Молоток 200гр. Квадратный боек, дерев. ручка', '', 7, 0, 0),
(309, 'Молоток 400гр. Квадратный боек, дерев. ручка', '', 7, 0, 0),
(310, 'Угольник столярный желтый 400 мм. FIT', '', 7, 0, 0);

-- --------------------------------------------------------

--
-- Структура таблицы `maslosklad_property_place`
--

CREATE TABLE `maslosklad_property_place` (
  `id` int(11) NOT NULL,
  `name` varchar(200) NOT NULL COMMENT 'наименование',
  `is_deleted` int(11) NOT NULL DEFAULT '0' COMMENT 'признак удаления'
) ENGINE=InnoDB DEFAULT CHARSET=utf8 COMMENT='Место хранения имущества';

--
-- Дамп данных таблицы `maslosklad_property_place`
--

INSERT INTO `maslosklad_property_place` (`id`, `name`, `is_deleted`) VALUES
(1, 'Маслосклад', 0),
(2, 'Витрина (магазин)', 0),
(3, 'Авторемонт', 0),
(5, 'Сторожа', 0),
(6, 'Гаражи', 0);

-- --------------------------------------------------------

--
-- Структура таблицы `maslosklad_property_type`
--

CREATE TABLE `maslosklad_property_type` (
  `id` int(11) NOT NULL,
  `name` varchar(200) NOT NULL COMMENT 'наименование',
  `is_deleted` int(11) NOT NULL DEFAULT '0' COMMENT 'признак удаления'
) ENGINE=InnoDB DEFAULT CHARSET=utf8 COMMENT='Тип складского имущества';

--
-- Дамп данных таблицы `maslosklad_property_type`
--

INSERT INTO `maslosklad_property_type` (`id`, `name`, `is_deleted`) VALUES
(1, 'Моторные масла', 0),
(2, 'Трансмиссионные масла', 0),
(3, 'Антифризы', 0),
(4, 'Тара', 0),
(5, 'Автозапчасти - Сцепления', 1),
(6, 'Пластичные смазки', 0),
(7, 'Оборудование', 0),
(8, 'Автозапчасти - Сцепления', 0),
(11, 'Жидкость стеклоомывающая', 0),
(12, 'Автозапчасти - Поршнекомплект', 0),
(13, 'Радиаторы', 0),
(14, 'Доставка', 0),
(15, 'Расходные материалы для работы', 0);

-- --------------------------------------------------------

--
-- Структура таблицы `maslosklad_suppliers`
--

CREATE TABLE `maslosklad_suppliers` (
  `id` int(11) NOT NULL,
  `name` varchar(250) NOT NULL,
  `is_deleted` int(11) NOT NULL
) ENGINE=InnoDB DEFAULT CHARSET=utf8 COMMENT='Поставщики';

--
-- Дамп данных таблицы `maslosklad_suppliers`
--

INSERT INTO `maslosklad_suppliers` (`id`, `name`, `is_deleted`) VALUES
(1, 'ШАФТ ГИР', 0),
(2, 'ЭКСПЕРТ', 0),
(3, 'СК ТРЕЙДИНГ', 0),
(4, 'ТЕБОЙЛ', 0),
(5, 'ВАЛДАЙ АВТО', 0),
(6, 'ИП ГАРАЕВ', 0),
(7, 'ООО \"МИДКАМ ЗАПЧАСТЬ\"', 0),
(8, 'ИП Игрецов Д.В.', 0),
(9, 'ООО ТК \"Партнер-Авто\"', 0),
(10, 'ООО \"Альфа\"', 0),
(11, 'ООО \"АСС-Лидер\"', 0),
(12, 'ТД \"РИАД\"', 0),
(13, 'ООО \"Торговый дом \"РИАТ-Запчасть \"', 0),
(14, 'ИП Дмитриев Р.В \"БАМ\"', 0),
(15, 'ООО \"ВсеИнструменты.ру\"', 0),
(16, 'ООО \"ВТМ\"', 0),
(17, 'АО \"БАВ-Движение\"', 0),
(18, 'ОРЕХ', 0),
(19, 'ООО \"КОМБАТ\"', 0),
(20, 'АО \"ОРЕХ\"', 0),
(21, 'ООО \"ТК-Трейдинг\"', 0),
(22, 'ИП Бабенко О.Д.', 0),
(23, 'ООО \"Рус-Газ\"', 0),
(24, 'ИП Ольшаевская Т.В.', 0),
(25, 'Физ.лицо', 0),
(26, 'МАНОЛ ИП Божко. О.В.', 0),
(27, 'ООО \"МАЗрезерв\"', 0),
(28, 'ООО \" ВЕЗДЕХОД\"', 0),
(29, 'ООО \"ДАЙДО МЕТАЛЛ РУСЬ\"', 0),
(30, 'ООО \"АТП 1\"', 0),
(31, 'ИП Божко О.В МАННОЛ', 0),
(32, 'ООО \"Веха-Регион\"', 0),
(33, 'ООО \"Торинг\"', 0),
(34, 'Магазин \"Автоэмали\"', 0),
(35, 'Строй С ИП Волков А.А.', 0);

-- --------------------------------------------------------

--
-- Структура таблицы `users`
--

CREATE TABLE `users` (
  `id` int(11) NOT NULL COMMENT 'id - пользователя',
  `surName` varchar(250) NOT NULL COMMENT 'Фамилия',
  `firstName` varchar(250) NOT NULL COMMENT 'Имя',
  `secondName` varchar(250) NOT NULL COMMENT 'Отчество',
  `loginEmail` varchar(250) NOT NULL COMMENT 'email = login',
  `password` varchar(250) NOT NULL COMMENT 'пароль',
  `jobTitle` varchar(250) NOT NULL COMMENT 'должность'
) ENGINE=InnoDB DEFAULT CHARSET=utf8 COMMENT='Пользователи системы управления организацией';

--
-- Дамп данных таблицы `users`
--

INSERT INTO `users` (`id`, `surName`, `firstName`, `secondName`, `loginEmail`, `password`, `jobTitle`) VALUES
(1, 'Фамилия', 'Имя', 'Отчество', '5074010@mail.ru', '5074010', 'Интерим'),
(2, 'Балтаев', 'Владимир', 'Владимирович', '577010@mail.ru', '5074010', 'Интерим'),
(3, 'ООО', 'АТП', '-1', 'oooatp-1@mail.ru', '20232023', 'АТП-1'),
(4, 'Храмков', 'Владимир', 'Викторович', 'atp164@mail.ru', '164164', '');

--
-- Индексы сохранённых таблиц
--

--
-- Индексы таблицы `balance_income_expenses`
--
ALTER TABLE `balance_income_expenses`
  ADD PRIMARY KEY (`id`),
  ADD UNIQUE KEY `unique_transaction` (`summa`,`date_operations`,`comment`);

--
-- Индексы таблицы `maslosklad`
--
ALTER TABLE `maslosklad`
  ADD PRIMARY KEY (`id`);

--
-- Индексы таблицы `maslosklad_buyers`
--
ALTER TABLE `maslosklad_buyers`
  ADD PRIMARY KEY (`id`);

--
-- Индексы таблицы `maslosklad_price`
--
ALTER TABLE `maslosklad_price`
  ADD PRIMARY KEY (`id`);

--
-- Индексы таблицы `maslosklad_property`
--
ALTER TABLE `maslosklad_property`
  ADD PRIMARY KEY (`id`);

--
-- Индексы таблицы `maslosklad_property_place`
--
ALTER TABLE `maslosklad_property_place`
  ADD PRIMARY KEY (`id`);

--
-- Индексы таблицы `maslosklad_property_type`
--
ALTER TABLE `maslosklad_property_type`
  ADD PRIMARY KEY (`id`);

--
-- Индексы таблицы `maslosklad_suppliers`
--
ALTER TABLE `maslosklad_suppliers`
  ADD PRIMARY KEY (`id`);

--
-- AUTO_INCREMENT для сохранённых таблиц
--

--
-- AUTO_INCREMENT для таблицы `balance_income_expenses`
--
ALTER TABLE `balance_income_expenses`
  MODIFY `id` int(11) NOT NULL AUTO_INCREMENT, AUTO_INCREMENT=145;

--
-- AUTO_INCREMENT для таблицы `maslosklad`
--
ALTER TABLE `maslosklad`
  MODIFY `id` int(11) NOT NULL AUTO_INCREMENT, AUTO_INCREMENT=738;

--
-- AUTO_INCREMENT для таблицы `maslosklad_buyers`
--
ALTER TABLE `maslosklad_buyers`
  MODIFY `id` int(11) NOT NULL AUTO_INCREMENT, AUTO_INCREMENT=10;

--
-- AUTO_INCREMENT для таблицы `maslosklad_price`
--
ALTER TABLE `maslosklad_price`
  MODIFY `id` int(11) NOT NULL AUTO_INCREMENT, AUTO_INCREMENT=11;

--
-- AUTO_INCREMENT для таблицы `maslosklad_property`
--
ALTER TABLE `maslosklad_property`
  MODIFY `id` int(11) NOT NULL AUTO_INCREMENT, AUTO_INCREMENT=311;

--
-- AUTO_INCREMENT для таблицы `maslosklad_property_place`
--
ALTER TABLE `maslosklad_property_place`
  MODIFY `id` int(11) NOT NULL AUTO_INCREMENT, AUTO_INCREMENT=7;

--
-- AUTO_INCREMENT для таблицы `maslosklad_property_type`
--
ALTER TABLE `maslosklad_property_type`
  MODIFY `id` int(11) NOT NULL AUTO_INCREMENT, AUTO_INCREMENT=16;

--
-- AUTO_INCREMENT для таблицы `maslosklad_suppliers`
--
ALTER TABLE `maslosklad_suppliers`
  MODIFY `id` int(11) NOT NULL AUTO_INCREMENT, AUTO_INCREMENT=36;
COMMIT;

/*!40101 SET CHARACTER_SET_CLIENT=@OLD_CHARACTER_SET_CLIENT */;
/*!40101 SET CHARACTER_SET_RESULTS=@OLD_CHARACTER_SET_RESULTS */;
/*!40101 SET COLLATION_CONNECTION=@OLD_COLLATION_CONNECTION */;
